SUBORDINAÇÃO,UNIDADE,SIGLA
1,UNIDADES DE ASSISTÊNCIA DIRETA E IMEDIATA AO MINISTRO DE ESTADO,
1.1,GABINETE,GM
1.1.1,Coordenação-Geral de Articulação Interna e Análise de Riscos,CGAAR
1.1.2,Secretaria-Executiva da Comissão de Ética do Ministério da Saúde,SECET/MS
1.1.3,Secretaria-Executiva da Comissão de Ética do Ministério da Saúde no Rio de Janeiro,SECERJ/MS
1.1.4,Coordenação-Geral de Gestão Administrativa e Estratégica,CGAEST
1.1.4.1,Divisão de Análise Técnica de Documentos Oficiais,DATDOF
1.1.4.1.1,Serviço de Redação de Documentos Oficiais,SERED
1.1.4.2,Divisão Financeira,DIFIN/CGAEST
1.1.4.3,Divisão de Apoio e Expedição de Documentos Oficiais,DIAEX
1.1.4.4,Coordenação de Atos e Publicações Oficiais,COAPO
1.1.5,Assessoria para Equidade Racial em Saúde,ASSES
1.1.6,Assessoria de Cerimonial e Eventos,ASCER
1.1.6.1,Divisão de Agenda,DIAGE
1.1.6.2,Coordenação de Logística e Infraestrutura em Eventos,COLIEV
1.2,OUVIDORIA-GERAL DO SISTEMA ÚNICO DE SAÚDE,OUVSUS
1.2.1,Serviço de Gestão Técnica e Administrativa,SEGAD/OUVSUS
1.2.2,Coordenação de Atendimento ao Cidadão e das Ouvidorias do SUS,COACI
1.2.2.1,Divisão de Gestão da Central de Atendimento ao Cidadão e Denuncias,DICAC
1.2.3,Coordenação de Gestão da Informação em Ouvidorias do SUS ,COGIOS
1.2.4,Coordenação de Transparência e Acesso à Informação,CTAI
1.2.4.1,Divisão  de Análise de Demandas de Acesso à Informação,DICESS
1.3,CORREGEDORIA,CORREG
1.3.1,Divisão de Apoio à Corregedoria no Rio de Janeiro,DICOR
1.3.2,Coordenação de Admissibilidade,COAD
1.3.3,Coordenação de Apuração Correcional,COACORR
1.3.4,Coordenação de Processo Administrativo de Responsabilização,COPAR
1.4,ASSESSORIA DE PARTICIPAÇÃO SOCIAL E DIVERSIDADE,APSD
1.5,ASSESSORIA ESPECIAL DE ASSUNTOS PARLAMENTARES E FEDERATIVOS,ASPAR
1.5.1,Coordenação-Geral de Planejamento de Assuntos Parlamentares,CGPAR
1.5.1.1,Coordenação de Assuntos Orçamentários,COAORC
1.5.1.2,Coordenação de Assuntos Legislativos,COLEG
1.6,ASSESSORIA ESPECIAL DE ASSUNTOS INTERNACIONAIS,AISA
1.6.1,Coordenação-Geral de Planejamento de Assuntos Internacionais em Saúde,CGAISA
1.6.1.1,"Setor de Planejamento, Orçamento e Apoio ",SEPOA
1.6.1.2,Divisão de Temas Multilaterais em Saúde,DIMULT
1.6.1.2.1,Setor de Acompanhamento de Temas em Saúde Global ,SEAGLO
1.6.1.3,Divisão de Cooperação Humanitária em Saúde,DIVCOI
1.6.1.3.1,Setor de Acompanhamento de Projetos de Cooperação Internacional,SEAPCOI
1.6.1.4,Divisão de Temas Bilaterais em Saúde,DITBS
1.7,ASSESSORIA ESPECIAL DE COMUNICAÇÃO SOCIAL,ASCOM
1.7.1,Coordenação-Geral de Planejamento de Comunicação Social,CGPCOM
1.7.1.1,Coordenação de Imprensa,COIMP
1.7.1.1.1,Setor de Apoio Técnico à Imprensa,SEAIMP
1.7.1.2,Coordenação de Publicidade,COPUB
1.7.1.2.1,Setor de Apoio Técnico à Publicidade,SEAPUB
1.8,ASSESSORIA ESPECIAL DE CONTROLE INTERNO,AECI
1.8.1,Divisão de Articulação Institucional,DIARI
1.8.2,Coordenação-Geral Gestão de Riscos e Controle Interno,CGGR
1.8.3,Coordenação-Geral de Gestão de Demandas de Órgãos de Controle,CGDOC
1.8.4,Coordenação-Geral de Gestão da Integridade,CGINT
1.9,CONSULTORIA JURÍDICA,CONJUR
1.9.1,Coordenação de Gestão Técnica e Administrativa,COGAD/CONJUR
1.9.1.1,Divisão de Triagem e Internalização de Processos,DITIP/CONJUR
1.9.1.2,Divisão de Instrução e Destinação de Processos,DIDEP/CONJUR
1.9.2,Coordenação-Geral de Assuntos Disciplinares e de Pessoal,CGEAD/CONJUR
1.9.2.1,Coordenação de Assuntos de Pessoal,COAPES/CONJUR
1.9.3,Coordenação-Geral de Atos Normativos,CGAN/CONJUR
1.9.3.1,Coordenação de Integridade da Informação,COINF/CONJUR
1.9.3.2,Coordenação de Análise Jurídica de Projetos Legislativos,COAPLE/CONJUR
1.9.4,"Coordenação-Geral de Análise Jurídica de Licitações, Contratos e Instrumentos Congêneres",CGLICI/CONJUR
1.9.4.1,Coordenação de Análise Jurídica de Licitações e Contratos,COLICI/CONJUR
1.9.5,Coordenação-Geral de Contencioso Judicial,CGCJ/CONJUR
1.9.5.1,Divisão de Subsídios Técnico e Jurídico em Matéria de Saúde,DISUMAS/CONJUR
1.9.5.2,Coordenação de Assuntos Especiais em Contencioso Judicial,COEJUR/CONJUR
1.9.6,Coordenação-Geral de Assuntos de Saúde,CGAS/CONJUR
1.9.6.1,Coordenação Jurídica de Assuntos Específicos de Saúde,COJES/CONJUR
1.9.7,Coordenação-Geral Extrajudicial e de Negociação,CGEN/CONJUR
1.9.7.1,Divisão de Subsídios Jurídicos em Contencioso Estratégicos e Extrajudicial,DISEX/CONJUR
1.10,DEPARTAMENTO NACIONAL DE AUDITORIA DO SISTEMA ÚNICO DE SAÚDE,DENASUS
1.10.1,Coordenação de Gestão Estratégica em Auditoria,COGEA/DENASUS
1.10.1.1,Divisão de Planejamento e Suporte Estratégico em Auditoria  ,DIPLAUD
1.10.1.2,Serviço de Apoio Técnico à Gestão,SATEG
1.10.2,Coordenação-Geral de Auditoria,CGAUD
1.10.2.1,"Coordenação de Auditoria em Atenção Primária, Saúde Indígena e Temáticas de Saúde",COAPS
1.10.2.2,Coordenação de Auditoria em Atenção Especializada,COESP
1.10.2.3,"Coordenação de Auditoria em Ciência, Tecnologia e Vigilância em Saúde",COCIV
1.10.3,Coordenação-Geral de Informação e Inovação em Auditoria,CGINOVA
1.10.3.1,Coordenação de Inovação em Auditoria,CINOVA
1.10.4,"Coordenação-Geral de Avaliação, Qualidade e Auditorias Especiais",CGESP
1.10.4.2,Coordenação de Qualidade em Auditoria,COQUALI
1.10.5,Coordenação-Geral de Promoção do Sistema Nacional de Auditoria,CGSNA
1.10.5.1,Coordenação de Promoção do Sistema Nacional de Auditoria,CPROM
1.10.6,Seção Nacional de Auditoria do SUS no Distrito Federal,SEAUD/DF
1.10.7,Serviço Nacional de Auditoria do SUS no Acre,SEAUD/AC
1.10.8,Serviço Nacional de Auditoria do SUS em Alagoas,SEAUD/AL
1.10.9,Serviço Nacional de Auditoria do SUS no Amazonas,SEAUD/AM
1.10.1,Serviço Nacional de Auditoria do SUS no Amapá,SEAUD/AP
1.10.11,Serviço Nacional de Auditoria do SUS na Bahia,SEAUD/BA
1.10.12,Serviço Nacional de Auditoria do SUS no Ceará,SEAUD/CE
1.10.13,Serviço Nacional de Auditoria do SUS no Espírito Santo,SEAUD/ES
1.10.14,Serviço Nacional de Auditoria do SUS em Goiás,SEAUD/GO
1.10.15,Serviço Nacional de Auditoria do SUS no Maranhão,SEAUD/MA
1.10.16,Serviço Nacional de Auditoria do SUS em Minas Gerais,SEAUD/MG
1.10.17,Serviço Nacional de Auditoria do SUS em Mato Grosso do Sul,SEAUD/MS
1.10.18,Serviço Nacional de Auditoria do SUS em Mato Grosso,SEAUD/MT
1.10.19,Serviço Nacional de Auditoria do SUS no Pará,SEAUD/PA
1.10.2,Serviço Nacional de Auditoria do SUS na Paraíba,SEAUD/PB
1.10.21,Serviço Nacional de Auditoria do SUS em Pernambuco,SEAUD/PE
1.10.22,Serviço Nacional de Auditoria do SUS no Piauí,SEAUD/PI
1.10.23,Serviço Nacional de Auditoria do SUS no Paraná,SEAUD/PR
1.10.24,Serviço Nacional de Auditoria do SUS no Rio de Janeiro,SEAUD/RJ
1.10.25,Serviço Nacional de Auditoria do SUS no Rio Grande do Norte,SEAUD/RN
1.10.26,Serviço Nacional de Auditoria do SUS em Rondônia,SEAUD/RO
1.10.27,Serviço Nacional de Auditoria do SUS em Roraima,SEAUD/RR
1.10.28,Serviço Nacional de Auditoria do SUS no Rio Grande do Sul,SEAUD/RS
1.10.29,Serviço Nacional de Auditoria do SUS em Santa Catarina,SEAUD/SC
1.10.3,Serviço Nacional de Auditoria do SUS em Sergipe,SEAUD/SE
1.10.31,Serviço Nacional de Auditoria do SUS em São Paulo,SEAUD/SP
1.10.32,Serviço Nacional de Auditoria do SUS em Tocantins,SEAUD/TO
11,SECRETARIA-EXECUTIVA,SE
11.1,Gabinete,GAB/SE
11.1.1,Coordenação de Gestão Técnica e Administrativa,COGAD/SE
11.1.2,Coordenação Setorial de Gestão de Riscos e Integridade,CORISC/SE
11.1.3,Coordenação de Análise de Conformidade de Instrumentos de Financiamentos,COFIC
11.2,SUBSECRETARIA DE ASSUNTOS ADMINISTRATIVOS,SAA
11.2.1,Coordenação de Gestão Técnica e Administrativa,COGAD/SAA
11.2.1.1,Divisão de Acompanhamento de Projetos de Cooperação Técnica e de Execução Descentralizada,DIPED
11.2.2,Coordenação-Geral de Inovação de Processos e de Estruturas Organizacionais,CODIPE
11.2.3,Coordenação-Geral de Documentação e Informação,CGDI
11.2.3.1,Centro Cultural do Ministério da Saúde,CCMS
11.2.3.2,Coordenação de Disseminação de Informações,CODINF
11.2.3.2.1,Divisão de Biblioteca do Ministério da Saúde,DBIB
11.2.3.3,Coordenação de Gestão Documental,COGD
11.2.3.3.1,Divisão de Assistência e Gerenciamento Documental,DIADOC
11.2.3.3.1.1,Serviço de Protocolo Digital,SEPD
11.2.3.3.2,Divisão de Assistência e Gerenciamento Documental no Rio de Janeiro ,DIADOCRJ
11.2.3.4,Coordenação de Gestão Editorial,EDITORA
11.2.4,Coordenação-Geral de Gestão de Pessoas,COGEP
11.2.4.1,Coordenação de Administração de Pessoas,COAPE/COGEP
11.2.4.2,Coordenação de Atenção à Saúde do Servidor,COASS
11.2.4.3,Coordenação de Legislação de Pessoal,COLEP
11.2.4.3.1,Divisão de Orientação e Normas de Pessoal,DINOR
11.2.4.3.2,Divisão de Análise de Demandas Judiciais de Pessoal,DIAJUD
11.2.4.3.3,Divisão de Execução de Ações Judiciais de Pessoal,DIEXJUD
11.2.4.4,Coordenação de Desenvolvimento Estratégico de Pessoas,CODEP
11.2.4.5,Coordenação de Gestão Orçamentária e Pagamento de Pessoal,COPAG/COGEP
11.2.4.5.1,Divisão de Planejamento e Orçamento de Pessoal,DIPOR/COPAG
11.2.4.5.2,Divisão Financeira e Contábil de Pessoal,DIFIC/COPAG
11.2.5,Coordenação-Geral de Licitações e Contratos Administrativos,CGLIC
11.2.5.1,Divisão de Planejamento e Dados das Contratações Administrativas,DIPLAN/CGLIC
11.2.5.2,Coordenação de Compras e Licitações,CCLIC
11.2.5.2.1,Divisão de Qualificação dos Artefatos de Contratação,DIQUALI
11.2.5.2.2,Divisão de Procedimentos Licitatórios,DIPLI
11.2.5.3,Coordenação de Formalização Contratual,CCONT/CGLIC
11.2.6,"Coordenação-Geral de Gestão, Qualificação e Fiscalização de Contratos Administrativos",CGFISC
11.2.6.1,Divisão Administrativa e de Qualificação da Fiscalização,DIQUAF
11.2.6.2,Coordenação de Apoio Técnico à Elaboração dos Artefatos de Contratação,COART
11.2.6.3,"Coordenação de Fiscalização de Serviços Administrativos, Terceirização e Transporte",COSAT
11.2.6.4,Coordenação de Fiscalização Administrativa de Serviços Técnicos Especializados,COFISTE
11.2.7,Coordenação-Geral de Execução Orçamentária e Financeira,CGOF/SAA
11.2.7.1,Setor de Contabilidade,SECON/CGOF
11.2.7.2,Divisão de Execução Financeira de Contratos Administrativos,DIFIR
11.2.7.3,Divisão de Execução Orçamentária de Contratos Administrativos,DIORC
11.2.8,Coordenação-Geral de Infraestrutura Predial e Patrimonial,CGINFRA
11.2.8.1,Divisão de Gestão da Manutenção Predial,DIMAN
11.2.8.2,Divisão de Execução de Projetos de Infraestrutura Predial,DIPRO
11.2.8.3,Coordenação de Administração de Material e Patrimônio,COMAP
11.2.8.3.1,Serviço de Patrimônio e Material Administrativo,SEPAM
11.2.9,Superintendência Estadual do Ministério da Saúde em Goiás,SEMS/GO
11.2.9.1,Serviço de Logística Administrativa,SELOA/GO
11.2.9.2,Serviço de Gestão de Pessoas,SEGEP/GO
11.2.9.3,Serviço de Articulação Interfederativa e Participativa,SEINP/GO
11.2.9.4,Coordenação de Transferência de Recursos,COTRE/GO
11.2.9.4.1,Divisão de Transferência de Recursos,DITRE/GO
11.2.10,Superintendência Estadual do Ministério da Saúde em Minas Gerais,SEMS/MG
11.2.10.1,Serviço de Logística Administrativa,SELOA/MG
11.2.10.2,Serviço de Gestão de Pessoas,SEGEP/MG
11.2.10.3,Serviço de Articulação Interfederativa e Participativa,SEINP/MG
11.2.10.4,Coordenação de Transferência de Recursos,COTRE/MG
11.2.10.4.1,Divisão de Transferência de Recursos,DITRE/MG
11.2.11,Superintendência Estadual do Ministério da Saúde no Pará,SEMS/PA
11.2.11.1,Serviço de Logística Administrativa,SELOA/PA
11.2.11.2,Serviço de Gestão de Pessoas,SEGEP/PA
11.2.11.3,Serviço de Articulação Interfederativa e Participativa,SEINP/PA
11.2.11.4,Coordenação de Transferência de Recursos,COTRE/PA
11.2.11.4.1,Divisão de Transferência de Recursos,DITRE/PA
11.2.12,Superintendência Estadual do Ministério da Saúde em Pernambuco,SEMS/PE
11.2.12.1,Serviço de Logística Administrativa,SELOA/PE
11.2.12.2,Serviço de Gestão de Pessoas,SEGEP/PE
11.2.12.3,Serviço de Articulação Interfederativa e Participativa,SEINP/PE
11.2.12.4,Coordenação de Transferência de Recursos,COTRE/PE
11.2.12.4.1,Divisão de Transferência de Recursos,DITRE/PE
11.2.13,Superintendência Estadual do Ministério da Saúde no Rio de Janeiro,SEMS/RJ
11.2.13.1,Serviço de Logística Administrativa,SELOA/RJ
11.2.13.2,Serviço de Gestão de Pessoas,SEGEP/RJ
11.2.13.2.1,Seção de Ativos e Inativos RJ,SEAI/RJ
11.2.13.3,Serviço de Articulação Interfederativa e Participativa,SEINP/RJ
11.2.13.4,Divisão de Transferência de Recursos,DITRE/RJ
11.2.14,Superintendência Estadual do Ministério da Saúde no Rio Grande do Sul,SEMS/RS
11.2.14.1,Serviço de Logística Administrativa,SELOA/RS
11.2.14.2,Serviço de Gestão de Pessoas,SEGEP/RS
11.2.14.3,Serviço de Articulação Interfederativa e Participativa,SEINP/RS
11.2.14.4,Coordenação de Transferência de Recursos,COTRE/RS
11.2.14.4.1,Divisão de Transferência de Recursos,DITRE/RS
11.2.15,Superintendência Estadual do Ministério da Saúde em São Paulo,SEMS/SP
11.2.15.1,Serviço de Logística Administrativa,SELOA/SP
11.2.15.2,Serviço de Gestão de Pessoas,SEGEP/SP
11.2.15.3,Serviço de Articulação Interfederativa e Participativa,SEINP/SP
11.2.15.4,Coordenação de Transferência de Recursos,COTRE/SP
11.2.15.4.1,Divisão de Transferência de Recursos,DITRE/SP
11.2.16,Superintendência Estadual do Ministério da Saúde no Acre,SEMS/AC
11.2.16.1,Serviço de Logística Administrativa,SELOA/AC
11.2.16.2,Serviço de Gestão de Pessoas,SEGEP/AC
11.2.16.3,Serviço de Articulação Interfederativa e Participativa,SEINP/AC
11.2.16.4,Divisão de Transferência de Recursos,DITRE/AC
11.2.17,Superintendência Estadual do Ministério da Saúde no Amapá,SEMS/AP
11.2.17.1,Serviço de Logística Administrativa,SELOA/AP
11.2.17.2,Serviço de Gestão de Pessoas,SEGEP/AP
11.2.17.3,Serviço de Articulação Interfederativa e Participativa,SEINP/AP
11.2.17.4,Divisão de Transferência de Recursos,DITRE/AP
11.2.18,Superintendência Estadual do Ministério da Saúde no Amazonas,SEMS/AM
11.2.18.1,Serviço de Logística Administrativa,SELOA/AM
11.2.18.2,Serviço de Gestão de Pessoas,SEGEP/AM
11.2.18.3,Serviço de Articulação Interfederativa e Participativa,SEINP/AM
11.2.18.4,Divisão de Transferência de Recursos,DITRE/AM
11.2.19,Superintendência Estadual do Ministério da Saúde em Alagoas,SEMS/AL
11.2.19.1,Serviço de Logística Administrativa,SELOA/AL
11.2.19.2,Serviço de Gestão de Pessoas,SEGEP/AL
11.2.19.3,Serviço de Articulação Interfederativa e Participativa,SEINP/AL
11.2.19.4,Divisão de Transferência de Recursos,DITRE/AL
11.2.20,Superintendência Estadual do Ministério da Saúde na Bahia,SEMS/BA
11.2.20.1,Serviço de Logística Administrativa,SELOA/BA
11.2.20.2,Serviço de Gestão de Pessoas,SEGEP/BA
11.2.20.3,Serviço de Articulação Interfederativa e Participativa,SEINP/BA
11.2.20.4,Divisão de Transferência de Recursos,DITRE/BA
11.2.21,Superintendência Estadual do Ministério da Saúde no Ceará,SEMS/CE
11.2.21.1,Serviço de Logística Administrativa,SELOA/CE
11.2.21.2,Serviço de Gestão de Pessoas,SEGEP/CE
11.2.21.3,Serviço de Articulação Interfederativa e Participativa,SEINP/CE
11.2.21.4,Divisão de Transferência de Recursos,DITRE/CE
11.2.22,Superintendência Estadual do Ministério da Saúde no Espírito Santo,SEMS/ES
11.2.22.1,Serviço de Logística Administrativa,SELOA/ES
11.2.22.2,Serviço de Gestão de Pessoas,SEGEP/ES
11.2.22.3,Serviço de Articulação Interfederativa e Participativa,SEINP/ES
11.2.22.4,Divisão de Transferência de Recursos,DITRE/ES
11.2.23,Superintendência Estadual do Ministério da Saúde no Maranhão,SEMS/MA
11.2.23.1,Serviço de Logística Administrativa,SELOA/MA
11.2.23.2,Serviço de Gestão de Pessoas,SEGEP/MA
11.2.23.3,Serviço de Articulação Interfederativa e Participativa,SEINP/MA
11.2.23.4,Divisão de Transferência de Recursos,DITRE/MA
11.2.24,Superintendência Estadual do Ministério da Saúde em Mato Grosso,SEMS/MT
11.2.24.1,Serviço de Logística Administrativa,SELOA/MT
11.2.24.2,Serviço de Gestão de Pessoas,SEGEP/MT
11.2.24.3,Serviço de Articulação Interfederativa e Participativa,SEINP/MT
11.2.24.4,Divisão de Transferência de Recursos,DITRE/MT
11.2.25,Superintendência Estadual do Ministério da Saúde em Mato Grosso do Sul,SEMS/MS
11.2.25.1,Serviço de Logística Administrativa,SELOA/MS
11.2.25.2,Serviço de Gestão de Pessoas,SEGEP/MS
11.2.25.3,Serviço de Articulação Interfederativa e Participativa,SEINP/MS
11.2.25.4,Divisão de Transferência de Recursos,DITRE/MS
11.2.26,Superintendência Estadual do Ministério da Saúde na Paraíba,SEMS/PB
11.2.26.1,Serviço de Logística Administrativa,SELOA/PB
11.2.26.2,Serviço de Gestão de Pessoas,SEGEP/PB
11.2.26.3,Serviço de Articulação Interfederativa e Participativa,SEINP/PB
11.2.26.4,Divisão de Transferência de Recursos,DITRE/PB
11.2.27,Superintendência Estadual do Ministério da Saúde no Piauí,SEMS/PI
11.2.27.1,Serviço de Logística Administrativa,SELOA/PI
11.2.27.2,Serviço de Gestão de Pessoas,SEGEP/PI
11.2.27.3,Serviço de Articulação Interfederativa e Participativa,SEINP/PI
11.2.27.4,Divisão de Transferência de Recursos,DITRE/PI
11.2.28,Superintendência Estadual do Ministério da Saúde no Paraná,SEMS/PR
11.2.28.1,Serviço de Logística Administrativa,SELOA/PR
11.2.28.2,Serviço de Gestão de Pessoas,SEGEP/PR
11.2.28.3,Serviço de Articulação Interfederativa e Participativa,SEINP/PR
11.2.28.4,Divisão de Transferência de Recursos,DITRE/PR
11.2.29,Superintendência Estadual do Ministério da Saúde no Rio Grande do Norte,SEMS/RN
11.2.29.1,Serviço de Logística Administrativa,SELOA/RN
11.2.29.2,Serviço de Gestão de Pessoas,SEGEP/RN
11.2.29.3,Serviço de Articulação Interfederativa e Participativa,SEINP/RN
11.2.29.4,Divisão de Transferência de Recursos,DITRE/RN
11.2.30,Superintendência Estadual do Ministério da Saúde em Rondônia,SEMS/RO
11.2.30.1,Serviço de Logística Administrativa,SELOA/RO
11.2.30.2,Serviço de Gestão de Pessoas,SEGEP/RO
11.2.30.3,Serviço de Articulação Interfederativa e Participativa,SEINP/RO
11.2.30.4,Divisão de Transferência de Recursos,DITRE/RO
11.2.31,Superintendência Estadual do Ministério da Saúde em Roraima,SEMS/RR
11.2.31.1,Serviço de Logística Administrativa,SELOA/RR
11.2.31.2,Serviço de Gestão de Pessoas,SEGEP/RR
11.2.31.3,Serviço de Articulação Interfederativa e Participativa,SEINP/RR
11.2.31.4,Divisão de Transferência de Recursos,DITRE/RR
11.2.32,Superintendência Estadual do Ministério da Saúde em Santa Catarina,SEMS/SC
11.2.32.1,Serviço de Logística Administrativa,SELOA/SC
11.2.32.2,Serviço de Gestão de Pessoas,SEGEP/SC
11.2.32.3,Serviço de Articulação Interfederativa e Participativa,SEINP/SC
11.2.32.4,Divisão de Transferência de Recursos,DITRE/SC
11.2.33,Superintendência Estadual do Ministério da Saúde em Sergipe,SEMS/SE
11.2.33.1,Serviço de Logística Administrativa,SELOA/SE
11.2.33.2,Serviço de Gestão de Pessoas,SEGEP/SE
11.2.33.3,Serviço de Articulação Interfederativa e Participativa,SEINP/SE
11.2.33.4,Divisão de Transferência de Recursos,DITRE/SE
11.2.34,Superintendência Estadual do Ministério da Saúde em Tocantins,SEMS/TO
11.2.34.1,Serviço de Logística Administrativa,SELOA/TO
11.2.34.2,Serviço de Gestão de Pessoas,SEGEP/TO
11.2.34.3,Serviço de Articulação Interfederativa e Participativa,SEINP/TO
11.2.34.4,Divisão de Transferência de Recursos,DITRE/TO
11.3,SUBSECRETARIA DE PLANEJAMENTO E ORÇAMENTO,SPO
11.3.1,Coordenação de Gestão Técnica e Administrativa,COGAD/SPO
11.3.2,Coordenação-Geral de Planejamento,CGPL
11.3.3,Coordenação-Geral de Orçamento,CGOR
11.3.4,Coordenação-Geral de Finanças,CGFIN
11.3.4.1,Coordenação de Programação Financeira ,COFI
11.3.5,Coordenação-Geral de Gestão Contábil,CGCONT
11.3.5.1,Coordenação de Análise e Conformidade Contábil,COACON
11.4,DIRETORIA-EXECUTIVA DO FUNDO NACIONAL DE SAÚDE,FNS
11.4.1,Divisão de Monitoramento de Transferências de Recursos no Distrito Federal e nos Estados,DIMTRE
11.4.2,Coordenação de Gestão Técnica e Administrativa,COGAD/FNS
11.4.3,Coordenação-Geral de Análises Normativas de Financiamento em Saúde e Demandas de Órgãos Externos,CGNOEX
11.4.3.1,Coordenação de Acompanhamento e Análises Normativas de Financiamento em Saúde,COANF
11.4.4,Coordenação-Geral de Governança e Informações Estratégicas em Investimentos,CGIN
11.4.4.1,Coordenação de Informações e Dados Estratégicos de Investimentos,CODES
11.4.5,Coordenação-Geral de Análise e Formalização de Investimentos ,CGAFI
11.4.5.1,Coordenação de Habilitação de Instrumentos de Investimentos,CHAB
11.4.5.2,Coordenação de Formalização de Instrumentos de Investimentos,CFIN
11.4.5.3,Coordenação de Aperfeiçoamento de Instrumentos de Investimentos,COAIN 
11.4.5.4,Coordenação de Monitoramento e Ajustes de Instrumentos de Investimentos,CMAI
11.4.6,Coordenação-Geral de Acompanhamento de Investimentos e Análise de Contas,CGAC
11.4.6.1,Coordenação de Acompanhamento de Investimentos,COACOM
11.4.6.2,Coordenação de Análise de Contas,COAC
11.4.6.3,Coordenação de Qualificação de Apoio à Gestão de Investimentos,COGIN
11.4.6.4,Coordenação de Análise de Investimentos e Infraestrutura,COAINF
11.4.7,"Coordenação-Geral de Execução Orçamentária, Financeira e Contábil",CGEOFC
11.4.7.1,Coordenação de Contabilidade,CCONT/CGEOFC
11.4.7.2,Coordenação de Preparo e Programação Orçamentária e Financeira,CPOF
11.4.7.3,Coordenação de Orçamento,CORC
11.4.7.4,Coordenação de Finanças,CORF
11.4.8,Coordenação-Geral de Devolução e Tomada de Contas Especial,CGDEV
11.4.8.1,Coordenação de Devolução de Recursos,CODER
11.4.8.2,Coordenação de Tomada de Contas Especial,COTCE
11.4.8.3,Coordenação de Conformidade Orçamentária e Financeira,COOF
11.4.8.4,Coordenação de Gestão e Monitoramento de Receitas,COMOR
11.5,DEPARTAMENTO DE LOGÍSTICA EM SAÚDE ,DLOG
11.5.1,Coordenação de Gestão Técnica e Administrativa,COGAD/DLOG
11.5.2,"Coordenação-Geral de Planejamento, Monitoramento e Controle Logístico",CGPLAM
11.5.2.1,Divisão de Procedimentos Administrativos e Sanções,DPAD
11.5.2.2,Divisão de Monitoramento e Controle Logístico,DIMOL/DLOG
11.5.2.3,Divisão de Monitoramento e Controle das Aquisições de Insumos Estratégicos para Saúde,DIMEC
11.5.3,Coordenação-Geral de Conformidade e Contratação Direta de Insumos Estratégicos para Saúde,CGIES
11.5.3.1,Divisão de Conformidade das Aquisições de Insumos Estratégicos para Saúde,DICONF
11.5.3.2,Divisão de Análise de Artefatos da Contratação de Insumos Estratégicos para Saúde ,DIARTE
11.5.3.3,Coordenação de Análise de Mercado de Insumos Estratégicos para Saúde,COAMER
11.5.4,Coordenação-Geral de Licitações e Contratos de Insumos Estratégicos para Saúde,CGLIS
11.5.4.1,Divisão de Contratos de Insumos Estratégicos para Saúde,DICON 
11.5.4.2,Divisão de Licitação de Insumos Estratégicos para Saúde,DIVILIC
11.5.5,Coordenação-Geral de Logística de Insumos Estratégicos para Saúde,CGLOG
11.5.5.1,Divisão de Importação de Insumos Estratégicos para Saúde,DIIMP
11.5.5.2,Coordenação de Controle e Acompanhamento Logístico de Insumos Estratégicos para Saúde ,COAL
11.5.5.3,Coordenação de Armazenagem e Distribuição Logística de Insumos Estratégicos para Saúde,COALOG
11.5.6,Coordenação-Geral de Execução Orçamentária e Financeira,CGOF/DLOG
11.5.6.1,Divisão de Contabilidade,DIVIC
11.5.6.2,Divisão de Execução Orçamentária,DIVEO
11.5.6.3,Coordenação de Pagamento,COPAG/DLOG
11.6,DEPARTAMENTO DE COOPERAÇÃO TÉCNICA E DESENVOLVIMENTO EM SAÚDE,DECOOP
11.6.1,Serviço de Gestão Técnica e Administrativa,SEGAD/DECOOP
11.6.2,Coordenação-Geral de Cooperação Técnica em Saúde,CGCOOP
11.6.2.1,Coordenação de Cooperação Técnica Internacional,CCTIS
11.6.2.2,Coordenação de Cooperação Técnica Nacional,CCTN
11.6.3,Coordenação-Geral de Programas de Desenvolvimento em Saúde,CGPROG
11.6.3.1,Coordenação de Gestão do PROADI-SUS,CPROADI
11.6.3.2,Coordenação de Gestão do PRONON e PRONAS-PCD,CPRON
11.6.4,"Coordenação-Geral de Monitoramento, Avaliação e Gestão Estratégica da Informação de Projetos e Cooperações",CGMAG
11.6.4.1,Coordenação de Acompanhamento de Prestação de Contas  de Projetos e Cooperações,CAPC
11.7,DEPARTAMENTO DE GESTÃO INTERFEDERATIVA E PARTICIPATIVA,DGIP
11.7.1,Serviço de Gestão Técnica e Administrativa,SEGAD/DGIP
11.7.2,Coordenação-Geral de Promoção da Melhoria Normativa,CGPN
11.7.3,Coordenação-Geral de Planejamento no SUS,CGPS
11.7.3.1,Coordenação de Apoio à Regionalização no SUS,COAREG
11.7.3.2,Coordenação de Gestão dos Instrumentos de Planejamento no SUS,COGINP
11.7.4,Coordenação-Geral de Articulação Interfederativa e Participativa,CGAIP
11.7.5,Secretaria-Executiva da Comissão Intergestores Tripartite,SECIT
11.7.6,Secretaria-Executiva do Conselho Nacional de Saúde,SECNS
11.7.6.1,Coordenação Técnico-Normativa,COTEN
11.7.6.2,Coordenação Técnico-Operacional,COTEC
11.8,DEPARTAMENTO DE GESTÃO DAS DEMANDAS EM JUDICIALIZAÇÃO NA SAÚDE,DJUD
11.8.2,"Coordenação-Geral de Informação, Planejamento e Atendimento de Demandas Judiciais",CGPJUD
11.8.2.1,Coordenação de Planejamento e Articulação de Demandas Judiciais em Saúde ,COPJUD
11.8.2.2,Coordenação de Análise e Monitoramento de Demandas Judiciais em Saúde,COAJUD
11.8.2.3,Coordenação de Análise Médica e Farmacêutica de Demandas Judiciais em Saúde,COMFAD
12,SECRETARIAS FINALÍSTICAS,
12.12,SECRETARIA DE ATENÇÃO PRIMÁRIA À SAÚDE,SAPS
12.12.1,Gabinete,GAB/SAPS
12.12.1.1,Coordenação de Gestão Técnica e Administrativa,COGAD/SAPS
12.12.1.1.1,Serviço de Operacionalização de Sistemas Administrativos,SEOSA
12.12.1.2,Coordenação Setorial de Gestão de Riscos e Integridade,CORISC/SAPS
12.12.2,"Coordenação-Geral de Monitoramento, Avaliação e Inteligência Analítica da Atenção Primária à Saúde",CGMAIA
12.12.3,"Coordenação-Geral de Planejamento, Orçamento e Monitoramento da Execução Financeira",CGPO/SAPS
12.12.3.1,Divisão de Monitoramento de Transferências e Devolução de Recursos,DITRANS
12.12.3.1,Coordenação de Planejamento e Orçamento,COPOR
12.12.4,Coordenação-Geral de Inovação e Aceleração Digital da Atenção Primária,CGIAD
12.12.5,Coordenação-Geral de Demandas de Órgãos Externos da Atenção Primária,CGOEX/SAPS
12.12.6,Coordenação-Geral de Programação de Financiamento da Atenção Primária,CGFAP
12.12.6.1,Coordenação de Habilitação e Credenciamento da Atenção Primária,COHC
12.12.7,DEPARTAMENTO DE ESTRATÉGIAS E POLÍTICAS DE SAÚDE COMUNITÁRIA,DESCO
12.12.7.1,Serviço de Gestão Técnica e Administrativa ,SEGAD/DESCO
12.12.7.2,Coordenação-Geral de Saúde Bucal,CGSB
12.12.7.3,Coordenação-Geral de Saúde da Família e Comunidade,CGESCO
12.12.7.3.1,Coordenação de Articulação de Redes de Atenção à Saúde ,COARA
12.12.7.3.2,Coordenação do Acesso e Equidade,CAEQ
12.12.7.3.4,Coordenação de Ações Interprofissionais,CAIN
12.12.7.3.5,Coordenação de Gestão e Apoio Estratégico da Atenção Primária,CGAEP
12.12.7.3.6,Coordenação de Apoio à Imunização e Monitoramento das Coberturas Vacinais na Atenção Primária,CIMVAC
12.12.8,DEPARTAMENTO DE GESTÃO DO CUIDADO INTEGRAL,DGCI
12.12.8.1,Serviço de Gestão Técnica e Administrativa ,SEGAD/DGCI
12.12.8.2,Coordenação de Atenção à Saúde da Pessoa Idosa,COPID
12.12.8.3,Coordenação de Atenção à Saúde do Homem,COSAH
12.12.8.4,"Coordenação-Geral de Atenção à Saúde das Crianças, Adolescentes e Jovens",CGCRIAJ
12.12.8.4.1,Coordenação de Atenção à Saúde dos Adolescentes e Jovens,COSAJ
12.12.8.5,Coordenação-Geral de Atenção à Saúde das Mulheres,CGESMU
12.12.8.5.1,Coordenação de Enfrentamento à Mortalidade Materna,COEMM
12.12.9,DEPARTAMENTO DE PREVENÇÃO E PROMOÇÃO DA SAÚDE ,DEPPROS
12.12.9.1,Serviço de Gestão Técnica e Administrativa ,SEGAD/DEPPROS
12.12.9.2,Coordenação de Atenção à Saúde da População Negra,CAPN
12.12.9.3,Coordenação-Geral de Alimentação e Nutrição,CGAN
12.12.9.4,Coordenação-Geral de Equidade e Determinantes Sociais em Saúde,CGEDESS
12.12.9.5,Coordenação-Geral de Prevenção às Condições Crônicas na Atenção Primária à Saúde,CGCOC
12.12.10,DEPARTAMENTO DE APOIO À GESTÃO DA ATENÇÃO PRIMÁRIA,DGAPS
12.12.10.1,Serviço de Gestão Técnica e Administrativa ,SEGAD/DGAPS
12.12.10.2,Coordenação-Geral de Provimento Profissional,CGPP
12.12.10.3,Coordenação-Geral de Projetos da Atenção Primária à Saúde ,CGPROJ/SAPS
12.12.10.4,"Coordenação-Geral de Planejamento, Avaliação e Dimensionamento de Profissionais para a Atenção Primária",CGPLAD
12.13,SECRETARIA DE ATENÇÃO ESPECIALIZADA À SAÚDE,SAES
12.13.1,Gabinete,GAB/SAES
12.13.1.1,Coordenação de Gestão Técnica e Administrativa,COGAD/SAES
12.13.1.2,Coordenação Setorial de Gestão de Riscos e Integridade,CORISC/SAES
12.13.2,"Coordenação-Geral de Planejamento, Orçamento e Monitoramento da Execução Financeira",CGPO/SAES
12.13.2.1,Serviço de Planejamento e Orçamento,SEPOR/SAES
12.13.2.2,Serviço de Monitoramento de Transferências e Devolução de Recursos,SERTRANS/SAES
12.13.3,Coordenação-Geral de Monitoramento de Indicadores da Atenção Especializada,CGMIND/SAES
12.13.3.1,Coordenação de Avaliação dos Indicadores da Atenção Especializada,COAVALI
12.13.4,Coordenação-Geral de Projetos da Atenção Especializada,CGPROJ/SAES
12.13.4.1,Serviço de Apoio Técnico em Projetos,SEAP/SAES
12.13.5,Coordenação-Geral de Demandas de Órgãos Externos da Atenção Especializada,CGOEX/SAES
12.13.6,Coordenação-Geral da Política Nacional de Prevenção e Controle do Câncer,CGCAN
12.13.7,Coordenação-Geral da Força Nacional do SUS,CGFNS
12.13.7.1,Coordenação de Planejamento e Operação de Eventos de Emergência em Saúde Pública,CPOE
12.13.7.2,Coordenação de Articulação e Treinamento em Eventos de Emergência em Saúde Pública,CATE
12.13.8,"DEPARTAMENTO DE ATENÇÃO HOSPITALAR, DOMICILIAR E DE URGÊNCIA",DAHU
12.13.8.1,Divisão de Gestão Técnica e Administrativa,DIGAD/DAHU
12.13.8.2,Coordenação-Geral de Urgência,CGURG
12.13.8.4,Coordenação-Geral de Atenção Hospitalar,CGAH
12.13.8.5,Coordenação-Geral de Atenção Domiciliar,CGADOM
12.13.9,DEPARTAMENTO DE ATENÇÃO ESPECIALIZADA E TEMÁTICA,DAET
12.13.9.1,Serviço de Gestão Técnica e Administrativa,SEGAD/DAET
12.13.9.2,Coordenação-Geral de Atenção Especializada,CGAE/DAET
12.13.9.2.1,Serviço de Gestão Técnica e Administrativa,SEGAD/CGAE
12.13.9.3,Coordenação-Geral de Sangue e Hemoderivados,CGSH
12.13.9.4,Coordenação-Geral do Sistema Nacional de Transplantes,CGSNT
12.13.9.5,Coordenação-Geral de Saúde da Pessoa com Deficiência,CGSPD
12.13.9.6,Coordenação-Geral de Doenças Raras,CGRAR
12.13.10,DEPARTAMENTO DE CERTIFICAÇÃO DE ENTIDADES BENEFICENTES DE ASSISTÊNCIA SOCIAL EM SAÚDE,DCEBAS
12.13.10.1,Divisão de Gestão Técnica e Administrativa,DIGAD/DCEBAS
12.13.10.2,Coordenação-Geral de Projetos Especiais dos Hospitais Filantrópicos,CGPROF
12.13.10.3,Coordenação-Geral de Análise e Gestão da Informação e Certificação,CGAGIC
12.13.10.4,Coordenação-Geral de Certificação,CGCER
12.13.11,DEPARTAMENTO DE REGULAÇÃO ASSISTENCIAL E CONTROLE,DRAC
12.13.11.1,Serviço de Gestão Técnica e Administrativa,SEGAD/DRAC
12.13.11.2,Coordenação-Geral de Gestão Orçamentária e Financeira,CGOF/DRAC
12.13.11.3,Coordenação-Geral de Gestão de Sistemas de Informação em Saúde,CGSI
12.13.11.4,Coordenação-Geral de Regulação Assistencial,CGRA
12.13.11.5,Coordenação-Geral de Financiamento e Apoio à Programação Assistencial,CGFP
12.13.12,"DEPARTAMENTO DE SAÚDE MENTAL, ÁLCOOL E OUTRAS DROGAS",DESMAD
12.13.12.1,Serviço de Gestão Técnica e Administrativa,SEGAD/DESMAD
12.13.12.2,"Coordenação-Geral de Redes e Serviços de Saúde Mental, Álcool e Outras Drogas",CGESMAD
12.13.12.2.1,Coordenação de Gestão da Rede de Atenção Psicossocial,CORAP
12.13.12.3,"Coordenação-Geral de Desinstitucionalização e Direitos Humanos na Saúde Mental, Álcool e Outras Drogas",CGDDH
12.13.12.3.1,Coordenação de Projetos de Desinstitucionalização da Rede de Atenção Psicossocial,CPDRAP
12.13.13,DEPARTAMENTO DE GESTÃO HOSPITALAR NO ESTADO DO RIO DE JANEIRO,DGH
12.13.13.1,Coordenação de Planejamento e Controle Interno,COPLAC/DGH
12.13.13.2,Coordenação de Gestão Técnica e Administrativa,COGAD/DGH
12.13.13.3,Coordenação de Orçamento e Finanças,CORF/DGH
12.13.13.4,Coordenação de Atenção à Saúde,COATES/DGH
12.13.13.5,Coordenação de Modernização Hospitalar,COMH/DGH
12.13.13.6,Coordenação de Compras e Contratos,CODCOM/DGH
12.13.13.7,Coordenação de Gestão de Almoxarifado e Patrimônio,COALM/DGH
12.13.13.8,Coordenação-Geral de Administração,CGAD/DGH
12.13.13.8.1,Divisão de Monitoramento e Controle Logístico,DIMOL/DGH
12.13.13.8.2,Divisão de Monitoramento Orçamentário e Financeiro,DIMOF/DGH
12.13.13.8.3,Coordenação de Gestão de Pessoas,COGEP/DGH
12.13.13.9,Coordenação-Geral de Assistência,CGASS/DGH
12.13.13.10,Coordenação-Geral de Governança Hospitalar,CGGH
12.13.13.11,Hospital Federal de Ipanema,HFI
12.13.13.11.1,Serviço de Controle e Contratos,SECONT/HFI
12.13.13.11.2,Serviço de Infraestrutura e Patrimônio,SEINFRA/HFI
12.13.13.11.3,Divisão de Orçamento e Finanças,DIOF/HFI
12.13.13.11.4,Divisão de Gestão de Pessoas,DIGEP/HFI
12.13.13.11.5,Divisão de Suprimentos e Logística,DISUL/HFI
12.13.13.11.5.1,Setor de Compras,SECOMP/HFI
12.13.13.11.6,Coordenação Assistencial,CASS/HFI
12.13.13.11.6.1,Serviço de Assistência Farmacêutica,SEFARM/HFI
12.13.13.11.6.2,Serviço de Apoio Diagnóstico e Terapêutico,SEDIT/HFI
12.13.13.11.6.3,Divisão de Enfermagem,DIENF/HFI
12.13.13.12,Hospital Federal da Lagoa,HFL
12.13.13.12.1,Serviço de Controle e Contratos,SECONT/HFL
12.13.13.12.2,Serviço de Infraestrutura e Patrimônio,SEINFRA/HFL
12.13.13.12.3,Divisão de Orçamento e Finanças,DIOF/HFL
12.13.13.12.4,Divisão de Gestão de Pessoas,DIGEP/HFL
12.13.13.12.5,Divisão de Suprimentos e Logística,DISUL/HFL
12.13.13.12.5.1,Setor de Compras,SECOMP/HFL
12.13.13.12.6,Coordenação Assistencial,CASS/HFL
12.13.13.12.6.1,Serviço de Assistência Farmacêutica,SEFARM/HFL
12.13.13.12.6.2,Serviço de Apoio Diagnóstico e Terapêutico,SEDIT/HFL
12.13.13.12.6.3,Divisão de Enfermagem,DIENF/HFL
12.13.13.13,Hospital Federal do Andaraí,HFA
12.13.13.13.1,Serviço de Controle e Contratos,SECONT/HFA
12.13.13.13.2,Serviço de Infraestrutura e Patrimônio,SEINFRA/HFA
12.13.13.13.3,Divisão de Orçamento e Finanças,DIOF/HFA
12.13.13.13.4,Divisão de Gestão de Pessoas,DIGEP/HFA
12.13.13.13.5,Divisão de Suprimentos e Logística,DISUL/HFA
12.13.13.13.5.1,Setor de Compras,SECOMP/HFA
12.13.13.13.6,Coordenação Assistencial,CASS/HFA
12.13.13.13.6.1,Serviço de Assistência Farmacêutica,SEFARM/HFA
12.13.13.13.6.2,Serviço de Apoio Diagnóstico e Terapêutico,SEDIT/HFA
12.13.13.13.7,Coordenação de Enfermagem,COENF/HFA
12.13.13.14,Hospital Federal Cardoso Fontes,HFCF
12.13.13.14.1,Serviço de Controle e Contratos,SECONT/HFCF
12.13.13.14.2,Serviço de Infraestrutura e Patrimônio,SEINFRA/HFCF
12.13.13.14.3,Divisão de Orçamento e Finanças,DIOF/HFCF
12.13.13.14.4,Divisão de Gestão de Pessoas,DIGEP/HFCF
12.13.13.14.5,Divisão de Suprimentos e Logística,DISUL/HFCF
12.13.13.14.5.1,Setor de Compras,SECOMP/HFCF
12.13.13.14.6,Coordenação Assistencial,CASS/HFCF
12.13.13.14.6.1,Serviço de Assistência Farmacêutica,SEFARM/HFCF
12.13.13.14.6.2,Serviço de Apoio Diagnóstico e Terapêutico,SEDIT/HFCF
12.13.13.14.7,Coordenação de Enfermagem,COENF/HFCF
12.13.13.15,Hospital Federal dos Servidores do Estado,HFSE
12.13.13.15.1,Serviço de Controle e Contratos,SECONT/HFSE
12.13.13.15.2,Serviço de Infraestrutura e Patrimônio,SEINFRA/HFSE
12.13.13.15.3,Divisão de Orçamento e Finanças,DIOF/HFSE
12.13.13.15.4,Divisão de Suprimentos e Logística,DISUL/HFSE
12.13.13.15.4.1,Setor de Compras,SECOMP/HFSE
12.13.13.15.5,Divisão de Gestão de Pessoas,DIGEP/HFSE
12.13.13.15.6,Coordenação Assistencial,CASS/HFSE
12.13.13.15.6.1,Serviço de Assistência Farmacêutica,SEFARM/HFSE
12.13.13.15.6.2,Serviço de Apoio Diagnóstico e Terapêutico,SEDIT/HFSE
12.13.13.15.6.3,Divisão Médico-Assistencial,DIMEA/HFSE
12.13.13.15.7,Coordenação de Enfermagem,COENF/HFSE
12.13.13.16,Hospital Federal de Bonsucesso,HFB
12.13.13.16.1,Serviço de Gerência de Risco,SERISC/HFB
12.13.13.16.2,Serviço de Controle e Contratos,SECONT/HFB
12.13.13.16.3,Serviço de Infraestrutura e Patrimônio,SEINFRA/HFB
12.13.13.16.4,Divisão de Orçamento e Finanças,DIOF/HFB
12.13.13.16.5,Divisão de Suprimentos e Logística,DISUL/HFB
12.13.13.16.5.1,Setor de Compras,SECOMP/HFB
12.13.13.16.6,Divisão de Gestão de Pessoas,DIGEP/HFB
12.13.13.16.7,Coordenação Assistencial,CASS/HFB
12.13.13.16.7.1,Serviço de Apoio Diagnóstico e Terapêutico,SEDIT/HFB
12.13.13.16.7.2,Serviço de Assistência Farmacêutica,SEFARM/HFB
12.13.13.16.7.3,Divisão Médico-Assistencial,DIMEA/HFB
12.13.13.16.7.4,Divisão de Emergência,DIEME/HFB
12.13.13.16.8,Coordenação de Enfermagem,COENF/HFB
12.13.14,INSTITUTO NACIONAL DE CARDIOLOGIA,INC
12.13.14.1,Serviço de Apoio a Gestão da Integridade,SEGEST
12.13.14.2,Divisão de Gestão de Pessoas,DIGEP/INC
12.13.14.2.1,Serviço de Administração de Pessoal,SEAPE/INC
12.13.14.3,Coordenação de Planejamento,COPLAN/INC
12.13.14.4,Coordenação de Administração,COAD/INC
12.13.14.4.1,Divisão de Suprimentos,DISUP/INC
12.13.14.4.1.1,Serviço de Abastecimento,SEBAST
12.13.14.4.2,Serviço de Orçamento e Finanças  ,SORFIN
12.13.14.4.3,Serviço de Hotelaria Hospitalar,SEHOT/INC
12.13.14.5,Coordenação de Ensino e Pesquisa,CODEP/INC
12.13.14.5.1,Seção de Ensino,SEENS
12.13.14.6,Coordenação Assistencial,COAS/INC
12.13.14.6.1,Divisão de Cirurgia,DICIRU/INC
12.13.14.6.2,Divisão de Cardiointensiva,DICARDI/INC
12.13.14.6.3,Divisão de Cardiologia da Criança e Adolescente,DIPEDIATRIA
12.13.14.6.4,Divisão Clínica,DICLIN
12.13.14.6.5,Divisão de Serviços Técnicos,DIST
12.13.14.6.6,Divisão de Procedimentos Terapêuticos,DIPROT
12.13.14.6.7,Divisão de Enfermagem,DIENF/INC
12.13.14.6.8,Serviço de Anestesiologia ,SEAN
12.13.15,INSTITUTO NACIONAL DE TRAUMATOLOGIA E ORTOPEDIA,INTO
12.13.15.1,Divisão de Tecnologia da Informação,DITEC/INTO
12.13.15.2,Divisão de Controle Interno,DICOI/INTO
12.13.15.3,Serviço Jurídico,SERJU/INTO
12.13.15.4,Coordenação Assistencial,COAS/INTO
12.13.15.4.1,Divisão de Traumato-Ortopedia,DITRO/INTO
12.13.15.4.2,Divisão de Enfermagem,DIENF/INTO
12.13.15.4.3,Divisão de Serviços Técnicos Auxiliares,DISTA/INTO
12.13.15.4.4,Divisão Médico-Assistencial,DIMEA/INTO
12.13.15.5,"Coordenação de Ensino, Pesquisa e Inovação",COENPI/INTO
12.13.15.5.1,Divisão de Ensino e Pesquisa,DIENP/INTO
12.13.15.6,Coordenação de Administração Geral,COAGE/INTO
12.13.15.6.1,Divisão de Orçamento e Finanças,DIOF/INTO
12.13.15.6.2,Divisão de Gerenciamento de Hotelaria Hospitalar,DIRGH/INTO
12.13.15.6.3,Divisão de Infraestrutura,DINFRA/INTO
12.13.15.6.4,"Divisão de Planejamento, Instrução e Formalização de Processos",DIRPI/INTO
12.13.15.6.5,Divisão de Contratos e Convênios,DICONV/INTO
12.13.15.6.6,Divisão de Suprimentos e Logística Hospitalar,DILOGH/INTO
12.13.15.7,Coordenação de Administração de Pessoas,COAPE/INTO
12.13.15.8,Coordenação de Projetos Especiais,COOPE/INTO
12.13.15.9,Coordenação de Planejamento,COPLAN/INTO
12.13.16,INSTITUTO NACIONAL DE CÂNCER,INCA
12.13.16.1,Serviço de Registro Nacional de Doadores Voluntários de Medula Óssea,REDOME/INCA
12.13.16.2,Serviço de Controle Interno e Integridade,SECII/INCA
12.13.16.3,Divisão de Planejamento,DIPLAN/INCA
12.13.16.4,Gabinete,GAB/INCA
12.13.16.4.1,Serviço de Apoio Administrativo,SEAD/INCA
12.13.16.4.2,Serviço de Comunicação Social,SECOMSO/INCA
12.13.16.4.3,Serviço de Tecnologia da Informação,SETI/INCA
12.13.16.5,Coordenação de Administração Geral,COAGE/INCA
12.13.16.5.1,Serviço de Apoio às Licitações,SEAL/INCA
12.13.16.5.2,Serviço de Apoio Administrativo e Operacional,SEAD/COAGE
12.13.16.5.3,Serviço de Engenharia Clínica,SECLIN/INCA
12.13.16.5.4,Divisão Orçamentária e Financeira,DIOF/INCA
12.13.16.5.4.1,Setor de Contabilidade,SECONT/INCA
12.13.16.5.5,Divisão de Suprimentos,DISUP/INCA
12.13.16.5.5.1,Serviço de Contratos e Convênios,SECONV/INCA
12.13.16.5.5.2,Serviço Central de Abastecimento,SEABA/INCA
12.13.16.5.5.3,Serviço de Compras,SECOM/INCA
12.13.16.5.5.4,Serviço de Patrimônio,SEPAT/INCA
12.13.16.5.6,Divisão de Engenharia e Infraestrutura,DIENGI/INCA
12.13.16.5.6.1,Serviço de Obras e Instalações,SEOBI/INCA
12.13.16.6,Coordenação de Gestão de Pessoas,COGEP/INCA
12.13.16.6.1,Divisão de Administração de Pessoal,DIAP/INCA
12.13.16.6.1.1,Serviço de Processamento de Folha de Pagamento,SEPRO/INCA
12.13.16.6.1.2,"Serviço de Benefícios, Controle de Frequência e Cadastro Funcional",SEBENC/INCA
12.13.16.6.2,Divisão de Desenvolvimento de Pessoas,DIDEP/INCA
12.13.16.6.3,Divisão de Saúde do Trabalhador,DISAT/INCA
12.13.16.6.3.1,Setor Especializado em Engenharia de Segurança e Medicina do Trabalho,SESMT/INCA
12.13.16.7,Coordenação de Pesquisa e Inovação,CPQI/INCA
12.13.16.7.1,Setor de Administração e Gestão de Projetos,SEAGEP/INCA
12.13.16.7.2,Divisão de Pesquisa Clínica e Desenvolvimento Tecnológico,DIPETEC/INCA
12.13.16.7.3,Divisão de Pesquisa Básica e Experimental,DIPBEX/INCA
12.13.16.7.4,Divisão de Pesquisa Translacional e Aplicação Diagnóstica,DIPET/INCA
12.13.16.8,Coordenação de Ensino,COENS/INCA
12.13.16.8.1,Divisão de Ensino Stricto Sensu,DIESS/INCA
12.13.16.8.2,Divisão de Ensino Lato Sensu e Técnico,DELST/INCA
12.13.16.8.2.1,Serviço de Educação e Informação Técnico-Científica,SEITEC/INCA
12.13.16.8.2.2,Serviço de Gestão Acadêmica,SEGAC/INCA
12.13.16.9,Coordenação de Prevenção e Vigilância,CONPREV/INCA
12.13.16.9.1,Divisão de Detecção Precoce e Apoio à Organização de Rede,DIDEPRE/INCA
12.13.16.9.2,Divisão de Vigilância e Análise de Situação,DIVASI/INCA
12.13.16.9.3,Divisão de Controle do Tabagismo e Outros Fatores de Risco,DITAB/INCA
12.13.16.9.4,Divisão de Pesquisa Populacional,DIPEP/INCA
12.13.16.9.5,Divisão de Avaliação de Tecnologias em Saúde,DATS/INCA
12.13.16.10,Coordenação de Assistência,COAS/INCA
12.13.16.10.1,Serviço de Hemoterapia,HEMO/INCA
12.13.16.10.2,Serviço de Farmácia Clínica,SEFARM/INCA
12.13.16.10.3,Divisão de Anatomia Patológica,DIPAT/INCA
12.13.16.10.3.1,Setor de Diagnóstico Clínico-Morfológico,SECLIMOR/INCA
12.13.16.10.3.2,Setor Integrado de Tecnologia em Citopatologia,SITEC/INCA
12.13.16.10.4,Divisão de Laboratórios Especializados,DILABESP/INCA
12.13.16.10.5,Centro de Transplante de Medula Óssea,CEMO
12.13.16.10.5.1,Serviço de Enfermagem,SENF/CEMO
12.13.16.10.5.1.1,Setor de Assistência Médica,SEAM/CEMO
12.13.16.11,Hospital do Câncer - Unidade I,HC-I/INCA
12.13.16.11.1,Setor de Controle de Infecção,SEINFEC/HCI
12.13.16.11.2,Divisão de Administração Hospitalar,DIHOSP/HCI
12.13.16.11.3,Divisão Cirúrgica,DCIR/HCI
12.13.16.11.3.1,Setor de Urologia,URO/HCI
12.13.16.11.3.2,Setor de Cirurgia Abdômino Pélvica,ABD/HCI
12.13.16.11.3.3,Setor de Cirurgia Oncológica Pediátrica,SEPED/HCI
12.13.16.11.3.4,Setor de Tórax,TORAX/HCI
12.13.16.11.3.5,Setor de Neurocirurgia,NEURO/HCI
12.13.16.11.3.6,Setor de Cirurgia de Cabeça e Pescoço,CCP/HCI
12.13.16.11.3.7,Setor de Cirurgia Plástica Reparadora,PLAST/HCI
12.13.16.11.3.8,Setor de Centro Cirúrgico,SECIR/HCI
12.13.16.11.3.9,Serviço de Anestesiologia,ANEST/HCI
12.13.16.11.4,Divisão Técnico-Assistencial,DITEC/HCI
12.13.16.11.4.1,Setor de Farmácia Hospitalar,FARM/HCI
12.13.16.11.4.2,Setor de Nutrição e Dietética,SENUT/HCI
12.13.16.11.4.3,Setor de Reabilitação,SEREB/HCI
12.13.16.11.4.4,Setor de Psicologia ,PSICO/HCI
12.13.16.11.4.5,Setor de Serviço Social,SESOC/HCI
12.13.16.11.5,Divisão Clínica ,DICLI/HCI
12.13.16.11.5.1,Setor de Oncologia Pediátrica,SEONCOPEDC/HCI
12.13.16.11.5.2,Setor de Dermatologia ,DERMA/HCI
12.13.16.11.5.3,Setor de Clínica Médica ,CLIMED/HCI
12.13.16.11.5.4,Setor de Hematologia ,SEHEMAT/HCI
12.13.16.11.5.5,Setor de Oncologia Clínica ,SEONCO/HCI
12.13.16.11.5.6,Setor de Física Médica ,SEFISICA/HCI
12.13.16.11.5.7,Setor de Pronto Atendimento ,SEPROAT/HCI
12.13.16.11.5.8,Serviço de Radioterapia ,SERADIOT/HCI
12.13.16.11.5.9,Serviço de Terapia Intensiva ,SETI/HCI
12.13.16.11.6,Divisão de Diagnóstico,DIAG/HCI
12.13.16.11.6.1,Serviço de Medicina Nuclear,SEMENUC/HCI
12.13.16.11.6.2,Setor de Endoscopia ,ENDO/HCI
12.13.16.11.6.3,Serviço de Patologia Clínica,PATCLI/HCI
12.13.16.11.6.4,Serviço de Diagnóstico por Imagem,SEDIM/HCI
12.13.16.11.7,Divisão de Enfermagem,DIENF/HCI
12.13.16.11.7.1,Serviço de Enfermagem em Centro Cirúrgico,ENCEC/HCI
12.13.16.11.7.2,Serviço de Enfermagem em Procedimentos Externos,ENPEX/HCI
12.13.16.11.7.3,Serviço de Enfermagem Hospitalar,ENHOSP/HCI
12.13.16.12,Hospital do Câncer - Unidade II,HC-II/INCA
12.13.16.12.1,Serviço de Administração Hospitalar,SEADM/HCII
12.13.16.12.2,Divisão Médica,DIMED/HCII
12.13.16.12.2.1,Setor de Oncologia Clínica,SEONCO/HCII
12.13.16.12.2.2,Setor de Patologia Clínica,SEPATCLI/HCII
12.13.16.12.2.3,Setor de Diagnóstico por Imagem,SEDIM/HCII
12.13.16.12.2.4,Setor de Endoscopia,SENDOC/HCII
12.13.16.12.2.5,Setor de Tecido Ósseo e Conectivo,SETOC/HCII
12.13.16.12.2.6,Setor de Anestesiologia,ANEST/HCII
12.13.16.12.2.7,Setor de Terapia Intensiva,STI/HCII
12.13.16.12.2.8,Setor de Ginecologia,SEGINECO/HCII
12.13.16.12.3,Divisão Técnico-Assistencial,DITEC/HCII
12.13.16.12.3.1,Setor de Serviço Social,SOC/HCII
12.13.16.12.3.2,Setor de Nutrição e Dietética,NUT/HCII
12.13.16.12.4,Divisão de Enfermagem,DIENF/HCII
12.13.16.13,Hospital do Câncer - Unidade III,HC-III/INCA
12.13.16.13.1,Serviço de Administração Hospitalar,SEADM/HCIII
12.13.16.13.2,Divisão Médica,DIMED/HCIII
12.13.16.13.2.1,Serviço de Radioterapia,SERADIOT/HCIII
12.13.16.13.2.2,Setor de Oncologia Clínica,ONCO/HCIII
12.13.16.13.2.3,Setor de Anestesiologia,ANEST/HCIII
12.13.16.13.2.4,Setor de Mastologia,SEMAMA/HCIII
12.13.16.13.3,Divisão Técnico-Assistencial,DITEC/HCIII
12.13.16.13.3.1,Setor de Patologia Clínica,PACLI/HCIII
12.13.16.13.3.2,Setor de Diagnóstico por Imagem,SEDIM/HCIII
12.13.16.13.3.3,Setor de Serviço Social,SOC/HCIII
12.13.16.13.3.4,Setor de Nutrição e Dietética,SENUT/HCIII
12.13.16.13.4,Divisão de Enfermagem,DIENF/HCIII
12.13.16.14,Hospital do Câncer - Unidade IV,HC-IV/INCA
12.13.16.14.1,Serviço de Administração Hospitalar,SEADM/HCIV
12.13.16.14.2,Serviço Médico,SEMED/HCIV
12.13.16.14.3,Divisão Técnico-Assistencial,DITEC/HCIV
12.13.16.14.4,Divisão de Enfermagem,DIENF/HCIV
12.14,"SECRETARIA DE CIÊNCIA, TECNOLOGIA E INOVAÇÃO E DO COMPLEXO ECONÔMICO-INDUSTRIAL DA SAÚDE",SECTICS
12.14.1,Gabinete,GAB/SECTICS
12.14.1.1,Coordenação de Gestão Técnica e Administrativa,COGAD/SECTICS
12.14.1.2,Coordenação Setorial de Gestão de Riscos e Integridade,CORISC/SECTICS
12.14.1.3,Coordenação Setorial de Monitoramento e Avaliação em Ciência e Tecnologia em Saúde,COMAV/SECTICS
12.14.2,"Coordenação-Geral de Planejamento, Orçamento e Monitoramento da Execução Financeira",CGPO/SECTICS
12.14.2.1,Serviço de Planejamento e Orçamento,SEPOR/SECTICS
12.14.2.2,Serviço de Monitoramento de Transferências e Devolução de Recursos,SERTRANS/SECTICS
12.14.3,"Coordenação-Geral de Articulação Institucional em Ciência, Tecnologia, Inovação e Complexo da Saúde",CGARTI
12.14.4,Coordenação-Geral de Projetos em Ciência e Tecnologia em Saúde,CGPROJ/SECTICS
12.14.5,Coordenação-Geral de Demandas de Órgãos Externos em Ciência e Tecnologia em Saúde,CGOEX/SECTICS
12.14.6,DEPARTAMENTO DO COMPLEXO ECONÔMICO-INDUSTRIAL DA SAÚDE E DE INOVAÇÃO PARA O SUS,DECEIIS
12.14.6.1,Serviço de Gestão Técnica e Administrativa,SEGAD/DECEIIS
12.14.6.2,Coordenação do Programa de Fomento ao Complexo Industrial da Saúde ,CPROCIS
12.14.6.3,"Coordenação-Geral de Base Mecânica, Eletrônica e de Materiais",CGMEC
12.14.6.4,Coordenação-Geral de Base Química e Biotecnológica,CGQBIO
12.14.6.4.1,Coordenação de Ações Estratégicas em Insumos e Produtos Farmacêuticos,COFAR
12.14.6.5,"Coordenação-Geral de Serviços, Informação e Conectividade",CGSIC
12.14.6.6,Coordenação-Geral de Promoção e Regulação do Complexo Industrial,CGPR
12.14.6.6.1,Coordenação de Monitoramento do Complexo Econômico-Industrial da Saúde,COMON
12.14.7,DEPARTAMENTO DE ASSISTÊNCIA FARMACÊUTICA E INSUMOS ESTRATÉGICOS,DAF
12.14.7.1,Serviço de Gestão Técnica e Administrativa,SEGAD/DAF
12.14.7.2,Coordenação de Fiscalização de Contratos e Instrumentos Congêneres da Assistência Farmacêutica,COFISC/DAF
12.14.7.2.1,"Divisão de Fiscalização de Termos de Execução Descentralizada, Acordos e outros Instrumentos Congêneres da Assistência Farmacêutica",DICOP
12.14.7.3,Coordenação-Geral do Programa Farmácia Popular do Brasil,CGPFP
12.14.7.3.1,Coordenação de Monitoramento e de Atendimento de Demandas de Órgãos Externos do Programa Farmácia Popular do Brasil,COMATEX
12.14.7.4,Coordenação-Geral de Assistência Farmacêutica Básica,CGAFB
12.14.7.4.1,Coordenação de Planejamento Aquisitivo e Logístico de Medicamentos do Componente Básico da Assistência Farmacêutica,COPAFB
12.14.7.5,Coordenação-Geral de Assistência Farmacêutica e Medicamentos Estratégicos,CGAFME
12.14.7.5.1,Coordenação de Planejamento Aquisitivo e Logístico de Medicamentos do Componente Estratégico da Assistência Farmacêutica,COPAFME
12.14.7.6,Coordenação-Geral do Componente Especializado da Assistência Farmacêutica,CGCEAF
12.14.7.6.1,Coordenação de Planejamento Aquisitivo e Logístico de Medicamentos do Componente Especializado da Assistência Farmacêutica,COPCEAF
12.14.7.6.2,Coordenação de Gestão Estratégica e Cooperação Interfederativa do Componente Especializado da Assistência Farmacêutica,COGECO
12.14.7.7,Coordenação-Geral da Assistência Farmacêutica na Atenção  Especializada,CGAFAE
12.14.7.7.1,Coordenação de Gestão da Assistência Farmacêutica de Medicamentos Oncológicos,COAFMO
12.14.7.7.2,Coordenação de Assistência Farmacêutica na Atenção Ambulatorial Especializada,COAFAE
12.14.8,DEPARTAMENTO DE CIÊNCIA E TECNOLOGIA,DECIT
12.14.8.1,Serviço de Gestão Técnica e Administrativa,SEGAD/DECIT
12.14.8.2,Coordenação-Geral de Evidências em Saúde,CGEVI
12.14.8.3,Coordenação-Geral de Ações Estratégicas em Pesquisa Clínica,CGPCLIN
12.14.8.4,Coordenação-Geral de Fomento à Pesquisa em Saúde,CGFPS
12.14.8.4.1,Coordenação de Gestão de Programas de Pesquisa,COPP
12.14.9,DEPARTAMENTO DE GESTÃO E INCORPORAÇÃO DE TECNOLOGIAS EM SAÚDE,DGITS
12.14.9.1,Serviço de Gestão Técnica e Administrativa,SEGAD/DGITS
12.14.9.2,Coordenação de Incorporação de Tecnologias ,CITEC
12.14.9.3,Coordenação de Monitoramento de Tecnologias em Saúde,CMTS
12.14.9.4,Coordenação-Geral de Gestão Estratégica de Tecnologias em Saúde,CGGTS
12.14.9.5,Coordenação-Geral de Avaliação de Tecnologias em Saúde ,CGATS
12.14.9.6,Coordenação-Geral de Gestão de Protocolos Clínicos e Diretrizes Terapêuticas,CGPCDT
12.14.10,DEPARTAMENTO DE ECONOMIA E DESENVOLVIMENTO EM SAÚDE,DESID
12.14.10.2,Coordenação de Monitoramento e Gestão em Economia da Saúde ,CMGES
12.14.10.3,Coordenação de Avaliação em Economia da Saúde ,CAES
12.14.10.4,Coordenação de Ações Estruturantes em Economia da Saúde ,CAESA
12.14.10.5,Coordenação-Geral de Informações em Economia da Saúde,CGES
12.14.10.5.1,Coordenação de Gestão de Custos ,CCUSTOS
12.14.10.5.2,Coordenação de Acompanhamento e Qualificação da Gestão de Preços em Saúde ,COAGEP
12.14.10.5.3,Coordenação do Sistema de Informação sobre Orçamento Público em Saúde,CSIOPS
12.14.10.6,Coordenação-Geral de Estudos Estratégicos em Desenvolvimento e Saúde,CGEDS
12.14.10.6.1,Coordenação de Análise Conjuntural em Economia da Saúde,CCONJ
12.14.10.6.2,Coordenação de Análise Política em Economia da Saúde ,CAPES
12.15,SECRETARIA DE VIGILÂNCIA EM SAÚDE E AMBIENTE,SVSA
12.15.1,Gabinete,GAB/SVSA
12.15.1.1,Coordenação de Gestão Técnica e Administrativa,COGAD/SVSA
12.15.1.2,Coordenação Setorial de Gestão de Riscos e Integridade,CORISC/SVSA
12.15.2,"Coordenação-Geral de Planejamento, Orçamento e Monitoramento da Execução Financeira",CGPO/SVSA
12.15.3,Coordenação-Geral de Projetos de Vigilância em Saúde,CGPROJ/SVSA
12.15.4,Coordenação de Demandas de Órgãos Externos de Vigilância em Saúde,COEX/SVSA
12.15.5,Coordenação-Geral de Laboratórios de Saúde Pública,CGLAB
12.15.5.1,Coordenação de Normatização e Vigilância de Laboratórios de Saúde Pública,CONLAB
12.15.6,DEPARTAMENTO DO PROGRAMA NACIONAL DE IMUNIZAÇÕES,DPNI
12.15.6.1,Coordenação-Geral de  Vigilância das Doenças Imunopreveníveis,CGVDI
12.15.6.2,Coordenação-Geral de Farmacovigilância,CGFAM
12.15.6.3,Coordenação-Geral de Incorporação Científica e Imunização,CGICI
12.15.6.4,Coordenação-Geral de Gestão de Insumos e Rede de Frio,CGGI
12.15.7,DEPARTAMENTO DE DOENÇAS TRANSMISSÍVEIS,DEDT
12.15.7.1,Coordenação de Eliminação da Malária ,CEMA
12.15.7.2,Coordenação-Geral de Vigilância de Zoonoses e Doenças de Transmissão Vetorial,CGZV
12.15.7.3,Coordenação-Geral de Vigilância de Arboviroses,CGARB
12.15.7.4,Coordenação-Geral de Vigilância da Hanseníase e Doenças em Eliminação,CGHDE
12.15.7.5,"Coordenação-Geral de Vigilância da Covid-19, Influenza e Outros Vírus Respiratórios",CGCOVID
12.15.8,DEPARTAMENTO DE ANÁLISE EPIDEMIOLÓGICA E VIGILÂNCIA DE DOENÇAS NÃO TRANSMISSÍVEIS,DAENT
12.15.8.1,Coordenação-Geral de Vigilância de Doenças Não Transmissíveis,CGDNT
12.15.8.2,Coordenação-Geral de Informações e Análise Epidemiológicas,CGIAE
12.15.8.2.1,Coordenação de Vigilância e Verificação do Óbito,COVIVO
12.15.8.2.2,Coordenação de Estatísticas Vitais e Morbidades,COESV
12.15.8.3,Coordenação Geral de Vigilância e Prevenção de Violências e Acidentes e Promoção da Cultura de Paz,CGVIVA
12.15.9,DEPARTAMENTO DE AÇÕES ESTRATÉGICAS DE EPIDEMIOLOGIA E VIGILÂNCIA EM SAÚDE E AMBIENTE,DAEVS
12.15.9.1,Coordenação-Geral de Inteligência Epidemiológica,CGIEPI
12.15.9.2,Coordenação-Geral de Desenvolvimento da Epidemiologia em Serviços,CGDEP
12.15.9.3,Coordenação-Geral de Editoração Técnico-Cientifica em Vigilância em Saúde,CGEVSA
12.15.10,"DEPARTAMENTO DE HIV/AIDS, TUBERCULOSE, HEPATITES VIRAIS E INFECÇÕES SEXUALMENTE TRANSMISSÍVEIS",DATHI
12.15.10.1,Coordenação-Geral de Vigilância das Hepatites Virais,CGHV
12.15.10.2,Coordenação-Geral de Vigilância das Infecções Sexualmente Transmissíveis,CGIST
12.15.10.3,"Coordenação-Geral de Vigilância da Tuberculose, Micoses Endêmicas e Micobactérias não Tuberculosas",CGTM
12.15.10.4,Coordenação-Geral de Vigilância do HIV/AIDS,CGHA
12.15.11,DEPARTAMENTO DE VIGILÂNCIA EM SAÚDE AMBIENTAL E SAÚDE DO TRABALHADOR,DVSAT
12.15.11.1,Coordenação-Geral de Vigilância em Saúde Ambiental,CGVAM
12.15.11.1.1,Coordenação de Vigilância de Determinantes Ambientais em Saúde,CODAS
12.15.11.2,Coordenação-Geral de Vigilância em Saúde do Trabalhador,CGSAT
12.15.11.2.1,Coordenação de Gestão da Rede Nacional de Atenção Integral à Saúde do Trabalhador e da Trabalhadora,CRENASTT
12.15.11.3,Coordenação-Geral de Mudanças Climáticas e Equidade em Saúde,CGCLIMA
12.15.12,DEPARTAMENTO DE EMERGÊNCIAS EM SAÚDE PÚBLICA,DEMSP
12.15.12.1,Coordenação-Geral de Preparação para as Emergências em Saúde Pública,CGPRESP
12.15.12.1.1,Coordenação de Formação para as Emergências em Saúde Púbica,COFESP
12.15.12.2,Coordenação-Geral do Centro de Informações Estratégicas em Vigilância em Saúde,CGCIEVS
12.15.12.2.1,Coordenação de Inteligência Epidêmica,COIEP
12.15.12.3,Coordenação-Geral de Resposta às Emergências em Saúde Pública,CGRESP
12.15.13,INSTITUTO EVANDRO CHAGAS,IEC
12.15.13.1,Seção de Gabinete da Diretoria,GAB/IEC
12.15.13.2,Seção de Comunicação e Memória Institucional,SECMI/IEC
12.15.13.3,Seção de Transparência e Conformidade Normativa,SETCN/IEC
12.15.13.4,Seção de Arbovirologia e Febres Hemorrágicas,SEARB/IEC
12.15.13.5,Seção de Bacteriologia e Micologia,SEBAC/IEC
12.15.13.6,Seção de Criação e Produção de Animais,SECPA/IEC
12.15.13.7,Seção de Epidemiologia,SEEPI/IEC
12.15.13.8,Seção de Hepatologia,SEHEP/IEC
12.15.13.9,Seção de Meio-Ambiente,SEAMB/IEC
12.15.13.10,Seção de Parasitologia,SEPAR/IEC
12.15.13.11,Seção de Patologia Clínica e Experimental,SEPEX/IEC
12.15.13.12,Seção de Virologia,SEVIR/IEC
12.15.13.13,Seção de Gestão da Biossegurança e Qualidade,SEGBQ/IEC
12.15.13.13.1,Setor de Gerenciamento de Amostras,SEGEA/IEC
12.15.13.14,"Seção de Inovação, Tecnologia e Patentes",SEITP/IEC
12.15.13.15,Seção de Ensino e Informação Científica,SEEIC/IEC
12.15.13.16,Serviço de Gestão Técnica e Administrativa,SEGAD/IEC
12.15.13.17,Serviço de Gestão de Pessoas,SEGEP/IEC
12.15.13.17.1,Setor de Cadastro e Acompanhamento da Folha de Pagamento,SECAF/IEC
12.15.13.17.2,Setor de Desenvolvimento de Pessoas,SEDEP/IEC
12.15.13.17.3,Setor de Saúde do Trabalhador,SESAT/IEC
12.15.13.18,"Serviço de Recursos Logísticos, Orçamento e Finanças",SELOF/IEC
12.15.13.18.1,"Setor de Gerenciamento de Contratos, Convênios e Congêneres",SECON/IEC
12.15.13.18.2,Setor de Gestão Patrimonial,SEPAV/IEC
12.15.13.18.3,Setor de Infraestrutura,SEINF/IEC
12.15.13.18.4,Setor de Aquisições,SETAQ/IEC
12.15.13.18.5,Setor de Tecnologia da Informação e Comunicação,SETIC/IEC
12.15.13.18.6,Setor de Orçamento e Finanças,SEOFI/IEC
12.15.14,CENTRO NACIONAL DE PRIMATAS,CENP
12.15.14.1,Seção de Gabinete da Diretoria,GAB/CENP
12.15.14.2,Serviço de Gestão Administrativa,SEGAD/CENP
12.15.14.2.1,Setor de Execução Orçamentária e Financeira,SEOFI/CENP
12.15.14.2.2,Setor de Tecnologia e Inovação ,SETIN/CENP
12.15.14.2.3,Seção de Recursos Logísticos,SELOG/CENP
12.15.14.3,Serviço de Gestão de Pessoas,SEGEP/CENP
12.15.14.4,Serviço Técnico Científico,SETEC/CENP
12.15.14.4.1,Seção de Ecologia e Meio Ambiente,SEEMA/CENP
12.15.14.4.2,Seção de Pesquisa em Primatas,SEPEP/CENP
12.15.14.4.3,Seção de Laboratórios,SELAB/CENP
12.15.14.4.4,Seção de Manejo de Primatas,SEMAP/CENP
12.15.14.4.5,Seção de Medicina Veterinária,SEMEV/CENP
12.16,SECRETARIA DE SAÚDE INDÍGENA,SESAI
12.16.1,Gabinete,GAB/SESAI
12.16.1.1,Coordenação de Gestão Técnica e Administrativa,COGAD/SESAI
12.16.1.2,Coordenação Setorial de Gestão de Riscos e Integridade,CORISC/SESAI
12.16.2,Coordenação-Geral de Demandas de Órgãos Externos da Saúde Indígena,CGOEX/SESAI
12.16.3,"Coordenação-Geral de Planejamento, Orçamento e Monitoramento da Execução Financeira",CGPO/SESAI
12.16.3.1,Serviço de Planejamento e Orçamento,SEPOR/SESAI
12.16.3.2,Serviço de Monitoramento de Transferências e Devolução de Recursos,SERTRANS/SESAI
12.16.4,"Coordenação-Geral de Gestão do Conhecimento, da Informação, da Avaliação e do Monitoramento da Saúde Indígena ",CGCOIM
12.16.4.1,Divisão de Gestão do Trabalho e Educação da Saúde Indígena,DIGEDI
12.16.4.2,Coordenação de Monitoramento e Avaliação da Saúde Indígena,COAVI
12.16.5,Coordenação-Geral de Projetos de Saúde Indígena,CGPROJ/SESAI
12.16.6,Coordenação-Geral de Participação e Controle Social na Saúde Indígena,CGPSI
12.16.7,DEPARTAMENTO DE ATENÇÃO PRIMÁRIA À SAÚDE INDÍGENA,DAPSI
12.16.7.1,Coordenação-Geral de Gestão das Ações de Atenção à Saúde Indígena,CGGAS
12.16.7.1.1,Coordenação de Articulação Interfederativa e Regulação da Saúde Indígena,COAIR
12.16.7.1.1.1,Casa de Apoio à Saúde Indígena Nacional em Brasília,CASAI/BSB
12.16.7.1.1.2,Casa de Apoio à Saúde Indígena Nacional em São Paulo,CASAI/SP
12.16.7.1.2,"Coordenação de Atributos, Promoção e Saúde Digital da Saúde Indígena",COAPRO
12.16.7.1.3,Coordenação de Vigilância em Saúde Indígena,COVISI
12.16.7.1.4,Coordenação de Atenção à Saúde dos Povos Indígenas Isolados e de Recente Contato,COPISO
12.16.8,DEPARTAMENTO DE PROJETOS E DETERMINANTES AMBIENTAIS DA SAÚDE INDÍGENA,DEAMB
12.16.8.1,Coordenação-Geral de Infraestrutura e Saneamento para Saúde Indígena,CGISA
12.16.8.1.1,Coordenação de Análise e Elaboração de Projetos de Infraestrutura e Saneamento,COAEP
12.16.8.1.2,"Coordenação de Acompanhamento de Obras, Serviços e Aquisição",COABS
12.16.8.1.3,Coordenação de Saúde Ambiental,COSA
12.16.9,DEPARTAMENTO DE GESTÃO DA SAÚDE INDÍGENA,DGESI
12.16.9.1,"Coordenação-Geral de Gestão dos Contratos de Bens, Serviços e Insumos de Saúde Indígena",CGCSI
12.16.9.1.1,Serviço de Monitoramento e Avaliação Contratual de Medicamentos e Insumos da Saúde Indígena,SEMEC
12.16.9.1.2,Divisão de Monitoramento e Avaliação da Contratação de Bens e Serviços da Saúde Indígena,DIMAC
12.16.9.1.3,Coordenação de Acompanhamento de Contratações de Bens e Serviços de Saúde Indígena,COEA
12.16.9.1.4,Coordenação de Apoio à Gestão de Medicamentos e Insumos da Saúde Indígena,COGIES
12.,DISTRITOS SANITÁRIOS ESPECIAIS,
12.16.10,Distrito Sanitário Especial Indígena - Alto Rio Juruá,DSEI/ARJ
12.16.10.1,Divisão de Atenção à Saúde Indígena,DIASI/ARJ
12.16.10.1.1,Casa de Apoio à Saúde Indígena - Mâncio Lima,CASAI/MCL
12.16.10.2,Serviço de Contratação de Recursos Logísticos,SELOG/ARJ
12.16.10.3,Serviço de Edificações e Saneamento Ambiental Indígena,SESANI/ARJ
12.16.10.4,Serviço de Orçamento e Finanças,SEOFI/ARJ
12.16.10.5,Seção de Apoio Administrativo e Patrimonial,SEPAT/ARJ
12.16.11,Distrito Sanitário Especial Indígena - Alto Rio Purus,DSEI/ARP
12.16.11.1,Divisão de Atenção à Saúde Indígena,DIASI/ARP
12.16.11.1.1,Casa de Apoio à Saúde Indígena - Rio Branco,CASAI/RBR
12.16.11.2,Serviço de Contratação de Recursos Logísticos,SELOG/ARP
12.16.11.3,Serviço de Edificações e Saneamento Ambiental Indígena,SESANI/ARP
12.16.11.4,Serviço de Orçamento e Finanças,SEOFI/ARP
12.16.11.5,Seção de Apoio Administrativo e Patrimonial,SEPAT/ARP
12.16.12,Distrito Sanitário Especial Indígena - Alagoas e Sergipe,DSEI/ALSE
12.16.12.1,Divisão de Atenção à Saúde Indígena,DIASI/ALSE
12.16.12.1.1,Casa de Apoio à Saúde Indígena - Alagoas e Sergipe,CASAI/ALSE
12.16.12.2,Serviço de Contratação de Recursos Logísticos,SELOG/ALSE
12.16.12.3,Serviço de Edificações e Saneamento Ambiental Indígena,SESANI/ALSE
12.16.12.4,Serviço de Orçamento e Finanças,SEOFI/ALSE
12.16.12.5,Seção de Apoio Administrativo e Patrimonial,SEPAT/ALSE
12.16.13,Distrito Sanitário Especial Indígena - Alto Rio Negro,DSEI/ARN
12.16.13.1,Divisão de Atenção à Saúde Indígena,DIASI/ARN
12.16.13.1.1,Casa de Apoio à Saúde Indígena - São Gabriel,CASAI/SGABRIEL
12.16.13.2,Serviço de Contratação de Recursos Logísticos,SELOG/ARN
12.16.13.3,Serviço de Edificações e Saneamento Ambiental Indígena,SESANI/ARN
12.16.13.4,Serviço de Orçamento e Finanças,SEOFI/ARN
12.16.13.5,Seção de Apoio Administrativo e Patrimonial,SEPAT/ARN
12.16.14,Distrito Sanitário Especial Indígena - Alto Rio Solimões,DSEI/ARS
12.16.14.1,Divisão de Atenção à Saúde Indígena,DIASI/ARS
12.16.14.1.1,Casa de Apoio à Saúde Indígena - Tabatinga,CASAI/TABATINGA
12.16.14.2,Serviço de Contratação de Recursos Logísticos,SELOG/ARS
12.16.14.3,Serviço de Edificações e Saneamento Ambiental Indígena,SESANI/ARS
12.16.14.4,Serviço de Orçamento e Finanças,SEOFI/ARS
12.16.14.5,Seção de Apoio Administrativo e Patrimonial,SEPAT/ARS
12.16.15,Distrito Sanitário Especial Indígena - Manaus,DSEI/MAO
12.16.15.1,Divisão de Atenção à Saúde Indígena,DIASI/MAO
12.16.15.2,Casa de Apoio à Saúde Indígena - Manaus,CASAI/MAO
12.16.15.3,Serviço de Contratação de Recursos Logísticos,SELOG/MAO
12.16.15.4,Serviço de Edificações e Saneamento Ambiental Indígena,SESANI/MAO
12.16.15.5,Serviço de Orçamento e Finanças,SEOFI/MAO
12.16.15.6,Seção de Apoio Administrativo e Patrimonial,SEPAT/MAO
12.16.16,Distrito Sanitário Especial Indígena - Médio Rio Purus,DSEI/MRP
12.16.16.1,Divisão de Atenção à Saúde Indígena,DIASI/MRP
12.16.16.1.1,Casa de Apoio à Saúde Indígena - Lábrea,CASAI/LABREA
12.16.16.1.2,Casa de Apoio à Saúde Indígena - Tapauá,CASAI/TAPAUA
12.16.16.2,Serviço de Contratação de Recursos Logísticos,SELOG/MRP
12.16.16.3,Serviço de Edificações e Saneamento Ambiental Indígena,SESANI/MRP
12.16.16.4,Serviço de Orçamento e Finanças,SEOFI/MRP
12.16.16.5,Seção de Apoio Administrativo e Patrimonial,SEPAT/MRP
12.16.17,Distrito Sanitário Especial Indígena - Médio Rio Solimões e Afluentes,DSEI/MRSA
12.16.17.1,Divisão de Atenção à Saúde Indígena,DIASI/MRSA
12.16.17.1.1,Casa de Apoio à Saúde Indígena - Eirunepé,CASAI/EIRUNEPE
12.16.17.1.2,Casa de Apoio à Saúde Indígena - Tefé,CASAI/TEFE
12.16.17.2,Serviço de Contratação de Recursos Logísticos,SELOG/MRSA
12.16.17.3,Serviço de Edificações e Saneamento Ambiental Indígena,SESANI/MRSA
12.16.17.4,Serviço de Orçamento e Finanças,SEOFI/MRSA
12.16.17.5,Seção de Apoio Administrativo e Patrimonial,SEPAT/MRSA
12.16.18,Distrito Sanitário Especial Indígena - Parintins,DSEI/PIN
12.16.18.1,Divisão de Atenção à Saúde Indígena,DIASI/PIN
12.16.18.1.1,Casa de Apoio à Saúde Indígena - Nhamundá,CASAI/NHAMUNDA
12.16.18.1.2,Casa de Apoio à Saúde Indígena - Parintins,CASAI/PIN
12.16.18.1.3,Casa de Apoio à Saúde Indígena - Maués,CASAI/MAUÉS
12.16.18.2,Serviço de Contratação de Recursos Logísticos,SELOG/PIN
12.16.18.3,Serviço de Edificações e Saneamento Ambiental Indígena,SESANI/PIN
12.16.18.4,Serviço de Orçamento e Finanças,SEOFI/PIN
12.16.18.5,Seção de Apoio Administrativo e Patrimonial,SEPAT/PIN
12.16.19,Distrito Sanitário Especial Indígena - Vale do Javari,DSEI/VAJ
12.16.19.1,Divisão de Atenção à Saúde Indígena,DIASI/VAJ
12.16.19.1.1,Casa de Apoio à Saúde Indígena - Atalaia do Norte,CASAI/ATALAIA
12.16.19.2,Serviço de Contratação de Recursos Logísticos,SELOG/VAJ
12.16.19.3,Serviço de Edificações e Saneamento Ambiental Indígena,SESANI/VAJ
12.16.19.4,Serviço de Orçamento e Finanças,SEOFI/VAJ
12.16.19.5,Seção de Apoio Administrativo e Patrimonial,SEPAT/VAJ
12.16.20,Distrito Sanitário Especial Indígena - Amapá e Norte do Pará,DSEI/AMP
12.16.20.1,Divisão de Atenção à Saúde Indígena,DIASI/AMP
12.16.20.1.1,Casa de Apoio à Saúde Indígena - Macapá,CASAI/MCP
12.16.20.1.2,Casa de Apoio à Saúde Indígena - Oiapoque,CASAI/OIAPOQUE
12.16.20.2,Serviço de Contratação de Recursos Logísticos,SELOG/AMP
12.16.20.3,Serviço de Edificações e Saneamento Ambiental Indígena,SESANI/AMP
12.16.20.4,Serviço de Orçamento e Finanças,SEOFI/AMP
12.16.20.5,Seção de Apoio Administrativo e Patrimonial,SEPAT/AMP
12.16.21,Distrito Sanitário Especial Indígena - Bahia,DSEI/BA
12.16.21.1,Divisão de Atenção à Saúde Indígena,DIASI/BA
12.16.21.1.1,Casa de Apoio à Saúde Indígena - Bahia,CASAI/BA
12.16.21.2,Serviço de Contratação de Recursos Logísticos,SELOG/BA
12.16.21.3,Serviço de Edificações e Saneamento Ambiental Indígena,SESANI/BA
12.16.21.4,Serviço de Orçamento e Finanças,SEOFI/BA
12.16.21.5,Seção de Apoio Administrativo e Patrimonial,SEPAT/BA
12.16.22,Distrito Sanitário Especial Indígena - Ceará,DSEI/CE
12.16.22.1,Divisão de Atenção à Saúde Indígena,DIASI/CE
12.16.22.1.1,Casa de Apoio à Saúde Indígena - Ceará,CASAI/CE
12.16.22.2,Serviço de Contratação de Recursos Logísticos,SELOG/CE
12.16.22.3,Serviço de Edificações e Saneamento Ambiental Indígena,SESANI/CE
12.16.22.4,Serviço de Orçamento e Finanças,SEOFI/CE
12.16.22.5,Seção de Apoio Administrativo e Patrimonial,SEPAT/CE
12.16.23,Distrito Sanitário Especial Indígena - Araguaia,DSEI/ARA
12.16.23.1,Divisão de Atenção à Saúde Indígena,DIASI/ARA
12.16.23.1.1,Casa de Apoio à Saúde Indígena - Goiânia,CASAI/GYN
12.16.23.2,Serviço de Contratação de Recursos Logísticos,SELOG/ARA
12.16.23.3,Serviço de Edificações e Saneamento Ambiental Indígena,SESANI/ARA
12.16.23.4,Serviço de Orçamento e Finanças,SEOFI/ARA
12.16.23.5,Seção de Apoio Administrativo e Patrimonial,SEPAT/ARA
12.16.24,Distrito Sanitário Especial Indígena - Maranhão,DSEI/MA
12.16.24.1,Divisão de Atenção à Saúde Indígena,DIASI/MA
12.16.24.1.1,Casa de Apoio à Saúde Indígena - Imperatriz,CASAI/IMP
12.16.24.1.2,Casa de Apoio à Saúde Indígena - São Luiz,CASAI/SLZ
12.16.24.1.3,Casa de Apoio à Saúde Indígena - Teresina,CASAI/THE
12.16.24.2,Serviço de Contratação de Recursos Logísticos,SELOG/MA
12.16.24.3,Serviço de Edificações e Saneamento Ambiental Indígena,SESANI/MA
12.16.24.4,Serviço de Orçamento e Finanças,SEOFI/MA
12.16.24.5,Seção de Apoio Administrativo e Patrimonial,SEPAT/MA
12.16.25,Distrito Sanitário Especial Indígena - Minas Gerais e Espírito Santo,DSEI/MGES
12.16.25.1,Divisão de Atenção à Saúde Indígena,DIASI/MGES
12.16.25.1.1,Casa de Apoio à Saúde Indígena - Governador Valadares,CASAI/GVR
12.16.25.1.2,Casa de Apoio à Saúde Indígena - Montes Claros,CASAI/MOC
12.16.25.2,Serviço de Contratação de Recursos Logísticos,SELOG/MGES
12.16.25.3,Serviço de Edificações e Saneamento Ambiental Indígena,SESANI/MGES
12.16.25.4,Serviço de Orçamento e Finanças,SEOFI/MGES
12.16.25.5,Seção de Apoio Administrativo e Patrimonial,SEPAT/MGES
12.16.25.6,Serviço de Escritório Local - Espírito Santo,SEL/MGES
12.16.26,Distrito Sanitário Especial Indígena - Mato Grosso do Sul,DSEI/MS
12.16.26.1,Divisão de Atenção à Saúde Indígena,DIASI/MS
12.16.26.1.1,Casa de Apoio à Saúde Indígena - Amambaí,CASAI/AMAMBAI
12.16.26.1.2,Casa de Apoio à Saúde Indígena - Campo Grande,CASAI/CGR
12.16.26.1.3,Casa de Apoio à Saúde Indígena - Dourados,CASAI/DOU
12.16.26.2,Serviço de Contratação de Recursos Logísticos,SELOG/MS
12.16.26.3,Serviço de Edificações e Saneamento Ambiental Indígena,SESANI/MS
12.16.26.4,Serviço de Orçamento e Finanças,SEOFI/MS
12.16.26.5,Seção de Apoio Administrativo e Patrimonial,SEPAT/MS
12.16.27,Distrito Sanitário Especial Indígena - Cuiabá,DSEI/CGB
12.16.27.1,Divisão de Atenção à Saúde Indígena,DIASI/CGB
12.16.27.1.1,Casa de Apoio à Saúde Indígena - Cuiabá,CASAI/CGB
12.16.27.1.2,Casa de Apoio à Saúde Indígena - Rondonópolis,CASAI/RONDO
12.16.27.1.3,Casa de Apoio à Saúde Indígena - Tangará da Serra,CASAI/TSERRA
12.16.27.2,Serviço de Contratação de Recursos Logísticos,SELOG/CGB
12.16.27.3,Serviço de Edificações e Saneamento Ambiental Indígena,SESANI/CGB
12.16.27.4,Serviço de Orçamento e Finanças,SEOFI/CGB
12.16.27.5,Seção de Apoio Administrativo e Patrimonial,SEPAT/CGB
12.16.28,Distrito Sanitário Especial Indígena - Xavante,DSEI/XAVANTE
12.16.28.1,Divisão de Atenção à Saúde Indígena,DIASI/XAVANTE
12.16.28.1.1,Casa de Apoio à Saúde Indígena - Barra do Garças,CASAI/BPG
12.16.28.1.2,Casa de Apoio à Saúde Indígena - Campinápolis,CASAI/CAMP
12.16.28.2,Serviço de Contratação de Recursos Logísticos,SELOG/XAVANTE
12.16.28.3,Serviço de Edificações e Saneamento Ambiental Indígena,SESANI/XAVANTE
12.16.28.4,Serviço de Orçamento e Finanças,SEOFI/XAVANTE
12.16.28.5,Seção de Apoio Administrativo e Patrimonial,SEPAT/XAVANTE
12.16.29,Distrito Sanitário Especial Indígena - Xingu,DSEI/XINGU
12.16.29.1,Divisão de Atenção à Saúde Indígena,DIASI/XINGU
12.16.29.1.1,Casa de Apoio à Saúde Indígena - Canarana,CASAI/CANARANA
12.16.29.1.2,Casa de Apoio à Saúde Indígena - Querência,CASAI/QUERENCIA
12.16.29.1.3,Casa de Apoio à Saúde Indígena - Sinop,CASAI/SINOP
12.16.29.2,Serviço de Contratação de Recursos Logísticos,SELOG/XINGU
12.16.29.3,Serviço de Edificações e Saneamento Ambiental Indígena,SESANI/XINGU
12.16.29.4,Serviço de Orçamento e Finanças,SEOFI/XINGU
12.16.29.5,Seção de Apoio Administrativo e Patrimonial,SEPAT/XINGU
12.16.30,Distrito Sanitário Especial Indígena - Kayapó do Mato Grosso,DSEI/KMT
12.16.30.1,Divisão de Atenção à Saúde Indígena,DIASI/KMT
12.16.30.1.1,Casa de Apoio à Saúde Indígena - Colíder,CASAI/COLIDER
12.16.30.1.2,Casa de Apoio à Saúde Indígena - Juara,CASAI/JUARA
12.16.30.1.3,Casa de Apoio à Saúde Indígena - Peixoto de Azevedo,CASAI/PXA
12.16.30.2,Serviço de Contratação de Recursos Logísticos,SELOG/KMT
12.16.30.3,Serviço de Edificações e Saneamento Ambiental Indígena,SESANI/KMT
12.16.30.4,Serviço de Orçamento e Finanças,SEOFI/KMT
12.16.30.5,Seção de Apoio Administrativo e Patrimonial,SEPAT/KMT
12.16.31,Distrito Sanitário Especial Indígena - Kayapó do Pará,DSEI/KPA
12.16.31.1,Divisão de Atenção à Saúde Indígena,DIASI/KPA
12.16.31.1.1,Casa de Apoio à Saúde Indígena - Redenção,CASAI/REDENÇAO
12.16.31.1.2,Casa de Apoio à Saúde Indígena - Ourilândia do Norte,CASAI/OURINO
12.16.31.1.3,Casa de Apoio à Saúde Indígena - São Félix do Xingu,CASAI/SFXINGU
12.16.31.1.4,Casa de Apoio à Saúde Indígena - Tucumã,CASAI/TUCUMA
12.16.31.2,Serviço de Contratação de Recursos Logísticos,SELOG/KPA
12.16.31.3,Serviço de Edificações e Saneamento Ambiental Indígena,SESANI/KPA
12.16.31.4,Serviço de Orçamento e Finanças,SEOFI/KPA
12.16.31.5,Seção de Apoio Administrativo e Patrimonial,SEPAT/KPA
12.16.32,Distrito Sanitário Especial Indígena - Rio Tapajós,DSEI/RT
12.16.32.1,Divisão de Atenção à Saúde Indígena,DIASI/RT
12.16.32.1.1,Casa de Apoio à Saúde Indígena - Itaituba,CASAI/ITAITUBA
12.16.32.1.2,Casa de Apoio à Saúde Indígena - Jacareacanga,CASAI/JACARE
12.16.32.1.3,Casa de Apoio à Saúde Indígena - Novo Progresso,CASAI/NPRO
12.16.32.1.4,Casa de Apoio à Saúde Indígena - Santarém - Rio Tapajós,CASAI/SANTAP
12.16.32.2,Serviço de Contratação de Recursos Logísticos,SELOG/RT
12.16.32.3,Serviço de Edificações e Saneamento Ambiental Indígena,SESANI/RT
12.16.32.4,Serviço de Orçamento e Finanças,SEOFI/RT
12.16.32.5,Seção de Apoio Administrativo e Patrimonial,SEPAT/RT
12.16.33,Distrito Sanitário Especial Indígena - Altamira,DSEI/ATM
12.16.33.1,Divisão de Atenção à Saúde Indígena,DIASI/ATM
12.16.33.1.1,Casa de Apoio à Saúde Indígena - Altamira,CASAI/ATM
12.16.33.2,Serviço de Contratação de Recursos Logísticos,SELOG/ATM
12.16.33.3,Serviço de Edificações e Saneamento Ambiental Indígena,SESANI/ATM
12.16.33.4,Serviço de Orçamento e Finanças,SEOFI/ATM
12.16.33.5,Seção de Apoio Administrativo e Patrimonial,SEPAT/ATM
12.16.34,Distrito Sanitário Especial Indígena - Guamá-Tocantins,DSEI/GUATO
12.16.34.1,Divisão de Atenção à Saúde Indígena,DIASI/GUATO
12.16.34.1.1,Casa de Apoio à Saúde Indígena - Icoaraci,CASAI/ICOARACI
12.16.34.1.2,Casa de Apoio à Saúde Indígena - Marabá,CASAI/MAB
12.16.34.1.3,Casa de Apoio à Saúde Indígena - Oriximiná,CASAI/ORIX
12.16.34.1.4,Casa de Apoio à Saúde Indígena - Paragominas,CASAI/PARAGO
12.16.34.1.5,Casa de Apoio à Saúde Indígena - Santarém,CASAI/STM
12.16.34.2,Serviço de Contratação de Recursos Logísticos,SELOG/GUATO
12.16.34.3,Serviço de Edificações e Saneamento Ambiental Indígena,SESANI/GUATO
12.16.34.4,Serviço de Orçamento e Finanças,SEOFI/GUATO
12.16.34.5,Seção de Apoio Administrativo e Patrimonial,SEPAT/GUATO
12.16.35,Distrito Sanitário Especial Indígena - Potiguara,DSEI/POTIGUARA
12.16.35.1,Divisão de Atenção à Saúde Indígena,DIASI/POTIGUARA
12.16.35.2,Serviço de Contratação de Recursos Logísticos,SELOG/POTIGUARA
12.16.35.3,Serviço de Edificações e Saneamento Ambiental Indígena,SESANI/POTIGUARA
12.16.35.4,Serviço de Orçamento e Finanças,SEOFI/POTIGUARA
12.16.35.5,Seção de Apoio Administrativo e Patrimonial,SEPAT/POTIGUARA
12.16.36,Distrito Sanitário Especial Indígena - Pernambuco,DSEI/PE
12.16.36.1,Divisão de Atenção à Saúde Indígena,DIASI/PE
12.16.36.1.1,Casa de Apoio à Saúde Indígena - Camaragibe,CASAI/CMG
12.16.36.2,Serviço de Contratação de Recursos Logísticos,SELOG/PE
12.16.36.3,Serviço de Edificações e Saneamento Ambiental Indígena,SESANI/PE
12.16.36.4,Serviço de Orçamento e Finanças,SEOFI/PE
12.16.36.5,Seção de Apoio Administrativo e Patrimonial,SEPAT/PE
12.16.37,Distrito Sanitário Especial Indígena - Litoral Sul,DSEI/LSUL
12.16.37.1,Divisão de Atenção à Saúde Indígena,DIASI/LSUL
12.16.37.1.1,Casa de Apoio à Saúde Indígena - Curitiba,CASAI/CWB
12.16.37.2,Serviço de Contratação de Recursos Logísticos,SELOG/LSUL
12.16.37.3,Serviço de Edificações e Saneamento Ambiental Indígena,SESANI/LSUL
12.16.37.4,Serviço de Orçamento e Finanças,SEOFI/LSUL
12.16.37.5,Seção de Apoio Administrativo e Patrimonial,SEPAT/LSUL
12.16.38,Distrito Sanitário Especial Indígena - Porto Velho,DSEI/PVH
12.16.38.1,Divisão de Atenção à Saúde Indígena,DIASI/PVH
12.16.38.1.1,Casa de Apoio à Saúde Indígena - Alta Floresta,CASAI/ALTAFLO
12.16.38.1.2,Casa de Apoio à Saúde Indígena - Guajará-Mirim,CASAI/GUAJ
12.16.38.1.3,Casa de Apoio à Saúde Indígena - Humaitá,CASAI/HUMA
12.16.38.1.4,Casa de Apoio à Saúde Indígena - Jaru,CASAI/JARU
12.16.38.1.5,Casa de Apoio à Saúde Indígena - Ji-Paraná,CASAI/JIPR
12.16.38.1.6,Casa de Apoio à Saúde Indígena - Porto Velho,CASAI/PVH
12.16.38.2,Serviço de Contratação de Recursos Logísticos,SELOG/PVH
12.16.38.3,Serviço de Edificações e Saneamento Ambiental Indígena,SESANI/PVH
12.16.38.4,Serviço de Orçamento e Finanças,SEOFI/PVH
12.16.38.5,Seção de Apoio Administrativo e Patrimonial,SEPAT/PVH
12.16.39,Distrito Sanitário Especial Indígena - Vilhena,DSEI/VILHENA
12.16.39.1,Divisão de Atenção à Saúde Indígena,DIASI/VILHENA
12.16.39.1.1,Casa de Apoio à Saúde Indígena - Aripuanã,CASAI/ARIPUANA
12.16.39.1.2,Casa de Apoio à Saúde Indígena - Cacoal,CASAI/CACO
12.16.39.1.3,Casa de Apoio à Saúde Indígena - Juína,CASAI/JUINA
12.16.39.1.4,Casa de Apoio à Saúde Indígena - Vilhena,CASAI/VILHENA
12.16.39.2,Serviço de Contratação de Recursos Logísticos,SELOG/VILHENA
12.16.39.3,Serviço de Edificações e Saneamento Ambiental Indígena,SESANI/VILHENA
12.16.39.4,Serviço de Orçamento e Finanças,SEOFI/VILHENA
12.16.39.5,Seção de Apoio Administrativo e Patrimonial,SEPAT/VILHENA
12.16.40,Distrito Sanitário Especial Indígena - Leste de Roraima,DSEI/LRR
12.16.40.1,Divisão de Atenção à Saúde Indígena,DIASI/LRR
12.16.40.1.1,Casa de Apoio à Saúde Indígena - Leste de Roraima,CASAI/LRR
12.16.40.2,Serviço de Contratação de Recursos Logísticos,SELOG/LRR
12.16.40.3,Serviço de Edificações e Saneamento Ambiental Indígena,SESANI/LRR
12.16.40.4,Serviço de Orçamento e Finanças,SEOFI/LRR
12.16.40.5,Seção de Apoio Administrativo e Patrimonial,SEPAT/LRR
12.16.41,Distrito Sanitário Especial Indígena - Yanomami,DSEI/YANOMAMI
12.16.41.1,Serviço de Apoio Administrativo,SEAD/YANOMAMI
12.16.41.1.1,Seção de Material e Patrimônio,SEMAP/YANOMAMI
12.16.41.2,Divisão de Edificações e Saneamento Ambiental Indígena,DISANI/YANOMAMI
12.16.41.3,Divisão de Orçamento e Finanças,DIOFI/YANOMAMI
12.16.41.4,Casa de Apoio à Saúde Indígena - Yanomami,CASAI/YANOMAMI
12.16.41.5,Coordenação de Atenção à Saúde Indígena,COASI/YANOMAMI
12.16.41.6,Coordenação de Contratação de Recursos Logísticos,COLOG/YANOMAMI
12.16.41.6.1,Divisão de Gestão e Planejamento de Transportes,DIGETRA/YANOMAMI
12.16.42,Distrito Sanitário Especial Indígena - Interior Sul,DSEI/ISUL
12.16.42.1,Divisão de Atenção à Saúde Indígena,DIASI/ISUL
12.16.42.2,Serviço de Contratação de Recursos Logísticos,SELOG/ISUL
12.16.42.3,Serviço de Edificações e Saneamento Ambiental Indígena,SESANI/ISUL
12.16.42.4,Serviço de Orçamento e Finanças,SEOFI/ISUL
12.16.42.5,Seção de Apoio Administrativo e Patrimonial,SEPAT/ISUL
12.16.42.6,Serviço de Escritório Local - Rio Grande do Sul,SEL/ISUL
12.16.43,Distrito Sanitário Especial Indígena - Tocantins,DSEI/TO
12.16.43.1,Divisão de Atenção à Saúde Indígena,DIASI/TO
12.16.43.1.1,Casa de Apoio à Saúde Indígena - Araguaína,CASAI/AUX
12.16.43.1.2,Casa de Apoio à Saúde Indígena - Gurupi,CASAI/GRP
12.16.43.2,Serviço de Contratação de Recursos Logísticos,SELOG/TO
12.16.43.3,Serviço de Edificações e Saneamento Ambiental Indígena,SESANI/TO
12.16.43.4,Serviço de Orçamento e Finanças,SEOFI/TO
12.16.43.5,Seção de Apoio Administrativo e Patrimonial,SEPAT/TO
12.17,SECRETARIA DE GESTÃO DO TRABALHO E DA EDUCAÇÃO NA SAÚDE,SGTES
12.17.1,Gabinete,GAB/SGTES
12.17.1.1,Coordenação de Gestão Técnica e Administrativa,COGAD/SGTES
12.17.1.2,Coordenação Setorial de Gestão de Riscos e Integridade,CORISC/SGTES
12.17.1.3,Coordenação Setorial de Comunicação Social,CCOM/SGTES
12.17.1.4,Coordenação Setorial de Monitoramento e Avaliação de Gestão do Trabalho e da Educação na Saúde,COMAV/SGTES
12.17.1.5,Coordenação Setorial de Tecnologia da Informação,COSTI/SGTES
12.17.2,"Coordenação-Geral de Planejamento, Orçamento e Monitoramento da Execução Financeira",CGPO/SGTES
12.17.2.1,Serviço de Planejamento e Orçamento,SEPOR/SGTES
12.17.2.2,Serviço de Monitoramento de Transferências e Devolução de Recursos,SERTRANS/SGTES
12.17.3,Coordenação-Geral de Projetos de Gestão do Trabalho e da Educação na Saúde,CGPROJ/SGTES
12.17.4,Coordenação-Geral de Demandas de Órgãos Externos de Gestão do Trabalho e da Educação na Saúde,CGOEX/SGTES
12.17.5,Coordenação de Desenvolvimento Institucional do Trabalho e Educação na Saúde,CODITES
12.17.6,DEPARTAMENTO DE GESTÃO DA EDUCAÇÃO NA SAÚDE,DEGES
12.17.6.1,Coordenação-Geral de Integração Ensino-Serviço-Comunidade,CGESC
12.17.6.1.1,Coordenação de Regulação da Educação na Saúde,CORES
12.17.6.2,Coordenação-Geral de Residências em Saúde,CGRES
12.17.6.3,Coordenação-Geral de Ações Estratégicas de Educação na Saúde,CGAES
12.17.7,DEPARTAMENTO DE GESTÃO E REGULAÇÃO DO TRABALHO EM SAÚDE,DEGERTS
12.17.7.1,Coordenação-Geral de Regulação e Relações de Trabalho na Saúde  ,CGERTS
12.17.7.1.1,Coordenação de Democratização do Trabalho na Saúde,CODETS
12.17.7.2,Coordenação-Geral de Gestão e Valorização do Trabalho na Saúde,CGVATS
12.17.7.2.1,Coordenação de Proteção Social do Trabalho na Saúde ,COPS
12.17.7.2.2,Coordenação de Saúde e Segurança do Trabalhador da Saúde,COSSETS
12.17.7.3,Coordenação-Geral de Planejamento da Força de Trabalho na Saúde,CGPFTS
12.17.7.3.1,Coordenação de Dimensionamento da Força de Trabalho na Saúde,CODIME
12.17.7.4,Coordenação-Geral de Políticas Remuneratórias do Trabalho na Saúde,CGPRETS
12.17.7.4.1,Coordenação de Monitoramento da Implantação de Pisos Salariais ,COMIPS
12.17.7.4.2,Coordenação de Gestão Estratégica e Articulação das Políticas Remuneratórias ,COGEAPRE
12.18,SECRETARIA DE INFORMAÇÃO E SAÚDE DIGITAL,SEIDIGI
12.18.1,Gabinete,GAB/SEIDIGI
12.18.1.1,Coordenação de Gestão Técnica e Administrativa,COGAD/SEIDIGI
12.18.1.2,Coordenação Setorial de Gestão de Riscos e Integridade,CORISC/SEIDIGI
12.18.2,Coordenação-Geral de Projetos de Informação e Saúde Digital,CGPROJ/SEIDIGI
12.18.4,"Coordenação-Geral de Planejamento, Orçamento e Monitoramento da Execução Financeira",CGPO/SEIDIGI
12.18.4.1,Coordenação de Monitoramento de Transferências e Devolução de Recursos,COTRANS/SEIDIGI
12.18.5,Coordenação-Geral de Demandas de Órgãos Externos de Informação e Saúde Digital,CGOEX/SEIDIGI
12.18.6,DEPARTAMENTO DE SAÚDE DIGITAL E INOVAÇÃO,DESD
12.18.6.1,Coordenação-Geral de Inovação em Saúde Digital,CGPIN
12.18.6.2,Coordenação-Geral de Telessaúde,CGTS
12.18.7,DEPARTAMENTO DE INFORMAÇÃO E INFORMÁTICA DO SISTEMA ÚNICO DE SAÚDE,DATASUS
12.18.7.1,Coordenação de Administração Orçamentária e Financeira,CAOFI
12.18.7.1.1,Divisão de Administração Financeira,DIAFI
12.18.7.2,Coordenação-Geral de Inovação e Informática em Saúde ,CGIIS
12.18.7.2.1,Coordenação de Gestão de Políticas e Inovação em Informática em Saúde,COGIIS
12.18.7.2.1.1,Divisão de Prospecção e Projetos de Inovação em Informática em Saúde,DIPIIS
12.18.7.2.2,Coordenação de Padrões de Informática em Saúde,COPIS
12.18.7.3,"Coordenação-Geral de Arquitetura, Produto e Soluções de Tecnologia da Informação e Comunicação",CGAPSTIC
12.18.7.3.1,Coordenação de Desenvolvimento de Soluções de Tecnologia da Informação e Comunicação,CDESS
12.18.7.3.1.1,Divisão de Sustentação de Sistemas,DISS
12.18.7.3.2,Coordenação de Arquitetura de Soluções de Tecnologia da Informação e Comunicação,COATIC
12.18.7.3.3,Coordenação de Interoperabilidade em Saúde,COINP
12.18.7.3.4,Coordenação de Suporte ao Usuário de Sistemas,COSUP
12.18.7.4,Coordenação-Geral de Infraestrutura e Segurança da Informação,CGIE
12.18.7.4.1,Coordenação de Gestão de Redes e Datacenter,COGRD
12.18.7.4.1.1,Divisão de Administração do Parque Tecnológico,DIAPQ
12.18.7.4.1.2,Divisão de Sustentação da Tecnologia da Informação,DSUTI
12.18.7.4.1.3,Divisão de Suporte e Telecomunicação,DISTEL
12.18.7.4.2,Coordenação de Gestão de Banco de Dados,COBD
12.18.7.4.2.1,Divisão de Análise e Engenharia de Dados,DAED
12.18.7.4.2.2,Divisão de Administração e Disseminação de Dados,DIAAD
12.18.7.4.3,Coordenação de Segurança da Informação,COSEGI
12.18.7.4.3.1,Divisão de Governança de Segurança e Resposta à Incidentes,DIGSI
12.18.7.5,"Coordenação-Geral de Relacionamento, Governança e Projetos ",CGRGP
12.18.7.5.1,Coordenação de Governança Estratégica em TIC,CGOV
12.18.7.5.2,Coordenação de Gestão de Projetos de TIC,COGP
12.18.7.6,Coordenação-Geral de Relacionamento com Hospitais Federais ,CGRHF
12.18.8,"DEPARTAMENTO DE MONITORAMENTO, AVALIAÇÃO E DISSEMINAÇÃO DE INFORMAÇÕES ESTRATÉGICAS EM SAÚDE",DEMAS
12.18.8.1,Coordenação-Geral de Monitoramento e Avaliação em Saúde,CGMA
12.18.8.1.1,Coordenação de Análise e Acompanhamento de Indicadores em Saúde,COIND
12.18.8.2,Coordenação-Geral de Gestão da Informação Estratégica em Saúde,CGGIE
12.18.8.3,Coordenação-Geral de Disseminação e Integração de Dados e Informações em Saúde,CGDID
12.18.8.3.1,Coordenação de Dados e Análise Prospectiva em Saúde,CODAPROS
